<?xml version="1.0" encoding="UTF-8" standalone="no"?>
<empresa>
    <clientes>
        <cliente>
            <nif>12345678A</nif>
            <nombre>Manuel Perez</nombre>
            <telefono>123456789</telefono>
            <direccion>Calle falsa 12º J</direccion>
            <deuda>25000.30</deuda>
        </cliente>
        <cliente>
            <nif>98765432S</nif>
            <nombre>Jose Torres</nombre>
            <telefono>918778899</telefono>
            <direccion>Calle falsa 23, 1ºT</direccion>
            <deuda>300.23</deuda>
        </cliente>
        <cliente>
            <nif>87654321I</nif>
            <nombre>Ana Lopez</nombre>
            <telefono>765789876</telefono>
            <direccion>Calle verdadera 55</direccion>
            <deuda>99999.99</deuda>
        </cliente>
    </clientes>
</empresa>