-- phpMyAdmin SQL Dump
-- version 5.2.1
-- https://www.phpmyadmin.net/
--
-- Host: 127.0.0.1
-- Generation Time: Jan 15, 2024 at 12:04 PM
-- Server version: 10.4.28-MariaDB
-- PHP Version: 8.0.28

SET SQL_MODE = "NO_AUTO_VALUE_ON_ZERO";
START TRANSACTION;
SET time_zone = "+00:00";

--
-- Database: `inventario`
--
CREATE DATABASE IF NOT EXISTS `inventario` DEFAULT CHARACTER SET utf8mb4 COLLATE utf8mb4_general_ci;
USE `inventario`;

-- --------------------------------------------------------

--
-- Table structure for table `ajustes`
--

CREATE TABLE `ajustes` (
  `color` varchar(255) NOT NULL,
  `logo` longblob NOT NULL,
  `favicon` blob NOT NULL,
  `correo` varchar(255) NOT NULL,
  `clave` varchar(255) NOT NULL,
  `cantidad` int(11) NOT NULL,
  `colorCabecera` varchar(255) NOT NULL,
  `colorLetra` varchar(255) NOT NULL,
  `colorLetraCabecera` varchar(255) NOT NULL,
  `caracterControlCodigos` char(1) NOT NULL DEFAULT '%'
) ENGINE=InnoDB DEFAULT CHARSET=latin1 COLLATE=latin1_swedish_ci;

--
-- RELATIONSHIPS FOR TABLE `ajustes`:
--

--
-- Dumping data for table `ajustes`
--

INSERT INTO `ajustes` (`color`, `logo`, `favicon`, `correo`, `clave`, `cantidad`, `colorCabecera`, `colorLetra`, `colorLetraCabecera`, `caracterControlCodigos`) VALUES
('#a9a5a2', 0x646174613a696d6167652f706e673b6261736536342c6956424f5277304b47676f414141414e5355684555674141426b414141414765434159414141444d6e3831324141414141584e535230494172733463365141414141526e51553142414143786a777638595155414141414a6345685a63774141456e514141424a304164356d48336741414b72505355524256486865374e304664427a6e396242784a52617a5a45736d4d594e6c44446d4674453370583079624d6d504b7a4a67793031644930334269783035694f32444847464f596d6f6261514d504d3244444d667664715a32314a7674375a486333757a75772b76334f65343443394f78714270626b3737317355533045524141414141414141414142416c4c677a6a71546333776f4141414141414141414142414e376f776a4b66653341674141414141414141414152494d3734306a4b2f613041414141414141414141414452344d34346b6e4a2f4b7741414141414141414141514453344d34366b334e384b4141414141414141414141514465364d49796e33747749414141414141414141414553444f2b4e4979763274414141414141414141414141414141414141414141414141414141414141414141414141414141414141414141414141414141414141414141414141414141414141414141414141414141414141414141414141414141414141414141414141414141414141414141414141414141414141414141414141414141414141414141414141414141414141414141414141414141414141414141414141414141414141414141414141414141414141414141414141414141414141414141414141414141414141414141414141414141414141414141414141414141414141414141414141414141414141414141414141414141414141414141414141414141414141414141414141414141414141414141414141414141414141414141414141414141414141414141414141414141414141414141414141414141414141414141414141414141414141414141414141414141414141414141414141414141414141414141414141414141414141414141414141414141414141414141414141414141414141414141414141414141414141414141414141414141414141414141414141414141414141414141414141414141414141414141414141414141414141414141414141414141414f62476e56434b564668327761467252336e74504c527071615978316462553562583264453475317433654d2f6e4e48787a796e7058504561653370337648667874585736637a7561526c39504733524164506b4f63726435356f694151414141414141414141412b4b5a44682b61696c713435546d666e33724757396f4f636c7662334f4732646e334e614f372f697a4f373872544f373437415857396f4f33395930632f733554544f336e6a64397875615655357476587434342f5a3654706b362f577a7435544373617039393757744f4d3241727035476e4e443537634e4f4e75375a51786e547874786a326e4e30322f2f74775a4c5675317332664f3276362f7475356a6e4c6275767a6b6476582b517669353977576e72655966544f66416d70324e773339364f336e6c79724e4f6c556a317741414141414141414141414176624f693964696d4751632f4f71766c73382f5036766a44697930644b322b6630624c3569756b7a4c746a6331487a7432716c4e743577306464722f6c6b3174656e6246744f6d786c6449713664534a4e5357614d533464656951612f572f4e4d324f6e6a656c3073316d7830366676767058545a6a346c6a2f506f787561575737664d6150337631624d364c7279767658755430396c2f5771797a2f31644f5a392f6e697071615869647657382f6f57776b41414141414141414141504c534872473674675a6e326f77447a6d6d632f6f554e55357450336a78312b6c5872707a552f736e706138324d72707a5939652f4c553568656b3245713356644e3254596366695851494d71366d524450474e584567636d717a4e6e4e48593463684f357356622f723445674f514d306162506137545a3852624e667272724266574e4d39386575504d325939766e74487979486b7a32362f614f7150316d49746e64337772317461394b4e626558692f6e524a667841674141414141414141414145564253314e382f79356b396536347a712b314e7a6f785a3339387974586e466b6f61707436356f624971746c465a4e6a6264535772476a3568306c4269417252776365457776484143546537504735417844746a48473178465a4c613978577a32794a6e53722f2f65546d576664746d39477932756e732f3748544e664432575066416f714c4b79706d6a357841414141414141414141414f5263707a4e393170756436613366636d6130486e5032314f5a7a6c39633333724f6963566f7358744e6f7037692f376878366a43322f4279446a6d686b66677179527a687a397458573056544e6d502f6250575a33626e65364259357a4f7765383650634e766c6e5062456a2f464141414141414141414141673838724c4631382f6466715072322b6173573162512f4e314b78756d5062797366716f3738496833796f376977773847494f4d48494f4f4c443045536e53612f6238324d6c6f637661656d383970374f336f31337458662f574d3736337647544477414141414141414141414a73325a326c2f6a7a4a72562b6c7a7a7a45504f61476a5975717968385957544736624754704c3031354d627073564f53545275384a4749415567714135434a725a6d317339577a327554584e76337a7a327959315862754339333958334136427475622f6e704b7462794c32457345414141414141414141494355644858314f6a4e6d764d475a50764e6e703955332f484e4a66574e735263505532436b376868356a6d3859414a414d446b4e576a67342f454543512b414e48577570306d762b65736d5730584f54304476786c644c6b76655a2f4b656d784a2f427749414141414141414141674952575a2b6273547a72545a793364314e42342b6646314463347039564e6a327135446a37464e5977435378514849324d37555a7266465673317366664743317334726e4e376870553776304b663066526c2f6c7749414141414141414141554b412b32314437337373616d3961757135393639346c3144632b65584e3859303034612f585671504850776b57676141354163445542476d783066677179643353362f7475756666653638316f34376275376f5065306a5454506536623662415141414141414141414449623837733253314f30387a587271327658334669665750736c4445446a346b7841496e474143512b42496b5051424c70514753647445702b7a2b5a5a3753746a33594d484f62337a5a7273664267414141414141414141413549566170366e707455357a3836484c612b7476576c59664833785951342b784d51434a3767416b55574951637272383372557a323235772b7562387a4f6b5a6671313854465446507a5141414141414141414141496965356965616d7235785a655055383036716133686f575631445448343168783157444543695077415a6d77354431725a30784e624e376e6a6f3775372b63357a6534652f4a78386a302b49634b414343693970512b49523070625a444f6c533654727041756b4d36535470612b4b33564a4141414141414141306558554e75357a626b506a306c507247683559577466676a413439704f5675317244446967464966673141744e4542694e76716c76625935746d646a317a5433727643365235594b4238366568454e41424164785a494f4f6d4970396a2f702f795141414141414149446f69445533647a6c4e5452383676615a6838386b54426834547334596456677841386e4d414d724831306d72392f7a5062726e523668393462367833684663494145413048534e616749316d2f6c6741414141414141434b6773584851615a7278387a56316466395a556c65666450435279427032574445414b59774253434964684b795274732f752f492f544f2f66586838627643674541684a66657a57454e4f5a4c314e776b41414141414143444d7167667661477861656d5a4e7779314c612b746a792b76715938736b612b41784d57765959635541704c414749496e577433534f446b4c4f62657538342f6d2b6b57506b673230342f6a45484141675a426941414141414141434250765037315a624747707065757157303462586c746657795a446a37635830646a41444a752b4d45415a4e65736763664531725630787461316473625753346c6674375a3258684472485a6f764834556c38513947414541494d4141424141426839676270533949664a58317833636e5334644c507051394c4178494141454252706450592b4c594c36687250504c3632506e6253324b4848324269416a42742b4d41445a4e5776674d62484541475273473651317252327832377347546e5947352b673373655878443030415141347841414541414748304b656b65796670655a474c727055454a41414155496d6671314c666330444431314f4e7161702f643765416a45514f5163634d50426943375a6730384a6d594e51424b4e446b4a614f703534756d396b395a324449776536483659416b43754c7050644b58355a2b4a756d7243796632412b6b7a3074756c50696d664d414142414142686334686b66512b53724a756b57676b414142534d387571586261317032487053646530544a396257785a5a4c3574426a624178417867302f474944736d6a58776d4669794159693276725672744c4e614f782b2f75584e676656464a7053364e4251445a704d4f4d66307657443942656e532f744a655544426941414143424d706b675053746233494637395541494141486d75314b6d7257374375707636303554563173575753446a2b305a5178414a415967753553444163693631713752644169796f613072746c4861307471354c6459396f712f454c6f352f4b414e41787252497a307657443836706470325544786941414143414d506d515a48332f6b55723634685941414a437659744e6d4c72717666756f2f6a712b75665671484879636d596741794a6759677535546a4163686f3768446b7a4a614f783579426559633566664e65346e35594130416d364c4a5731672f4e36665a744b656f5967414141674444524a556d74377a39533651554a4141446b6f56716e7366475870316258334c4930636463484135417851342b784d51445a705a414d5144533947325364744b32393679356e614f367635574f374966346844674342756c7579666d684f7438756c71474d4141674141777552347966722b4939566d53514141494638346458556658564664632b76536d7472594d6d6e6334494d42694245446b46304b3051426b2f43436b4f335a3261382b7454742f3854386948656b6e38497834414a75314e6b76584473742f326b614b4d4151674141416954315a4c312f55657144556b4141434469697033362b674e4f71616f3958346365386346486f676e444477596745324941736b736848494445363435746b445a4b573975364c334836682f65586a3330474951416d61346c6b2f6244737439394a5563594142414141684d6b367966722b4939555967414141454758334e545831504649333765386e5646552f70674d5076664e6a352f4344415167446b44486c7751416b30616252583775656367626d2f636e5a392b573937716344414b5372516e704f736e3559397473645570517841414541414746796f6d52392f3546714c4945464145425533566e582b4e4731315457336e6c41644833626f38494d425343494749506b3841456e6343624a572f76764648583233503977332f45483330774941307645527966704265624b3951596f71426941414143424d6669395a33332b6b306f74534e7332574470492b493331444f74524e2f2f6d7a307346536c775141414a4b4a31645574576c64566466376f34454e6171726e444477596769526941355073414a4e484764766c76307458642f567563376e6e443771634a414b52697657543973447a5a644c504f7147494141674141777553546b765839527970644932584c345a4a3144465a2f6c674141674b486561577a3879704656315538747136364a447a34596749775a656f794e4155696844454132744d6662314e34544f304f58785271612f305035584b6d4e66386f417747363153645950704548306a46516d5252454445414141454361746b76583952797239544d6f47766576446576356b765663434141414a546d506a50686658317035786648564e374d5452345163444541596744454447446b43306a653039735858793633313949326336772f4e316b33514132423164697344365954536f5069524645514d51414141514e7639507372344853645a4e55704f5544562b5572474e49316f386c4141436772716d752f665a4a565458336e37426a384d45416841454941784272414c4b68765764483239713748334c36522f51434a7742592f696c5a5034774731566f7069686941414143414d45706e69616e7a70524570572f774d514c4a3164776f41414f486c5646584e4f6247362b744c454852394c7867302f47494177414745416b6d77416f6b74696e645865477a74396475644e54733977742f7470425142716f575439494270307568466d31444141415141415961552f313331424f6b626149756d67347a784a583368797250526436514170322f774d51483468415142517345716475726f766e31525663303969384a474941596a4741495142794a68324d774452356243307336544e485433334f45507a50696566573146646b7839417348347457542b493771354c6a502b57536c2b566f6f594243414141514872384445422b4a514541554a42714c367570502b325979756f586c6c614e4833347741456e4541495142794a673842694361336730696a2f486341774e7a56736a6e324b7a3470787141416e61725a5030677572732b4c74303834622b6c30735653314441414151414153492b66416368764a4141414373736a64564e667562717136715954716d70696f384d504269426a6868356a597744434147524d4b517841526f636748664c6670584d36656d2f2f7636362b6c3769666467414b7a32736c363466515a4f6e64597a2b61384e3953625a34554a5178414141414130754e6e4150493743514341676c48743144622b384d6a4b71686558566c58484278384d51426941754d4d504269434a4a6a634132646752547763685a376233764f414d4c76687855567462672f7335434b42774843315a5034547572765753306a576e72662f765664545764325941416741416b42342f4135412f53414141464943367573377261327057486c395648597350507869414d414278633463664445415342544d4169513942656d4e72354c2f644e7a4379576a344c4f2b4f666a41414b7742547043636e36495852337656394b75454b79666b2b7962704b6968414549414142416576774d5150346b41514351333579616873566e566c582f4d7a3730474a73372f4741414d6d626f4d545947494178417875526a414c4b786f336430434c4a4275727837384f72483931373863766654456b422b6535396b2f514361724c463055335072393368316f425156444541414141445334326341386d634a4149433874616454552f2b6c497975725874434278776b4d514359306a5145494178436a5941636769633653317252325065634d7a7464765776654966346f4379464e6e534e59506f4c76724e476d734a736e36665634644955554641784141414944302b426d4138503054414342507a5a773537656271367238633677343764506a4241475269307869414d41417879737741524f38453053484965766b397a744343772b537a7444722b79516f677a3079587242382b6b3357774e4e45356b7656376b2f5759464a55424b774d51414143413948785a737235485370622b37416b4151483578616d75377a366d71576e31433563374242774d5171326b4d5142694147475675414a4a49427945504459367369693036594d443974415751502f79384d732f7943636e367656363957346f4342694141414144702b5a706b66592b554c41596741494438346c5258443535635566476634335834775144454748714d62526f444541596752706b6667497a57325273377637502f503837673341587570792b412f48432b5a5033777562755753355979796672395870307152514544454141416750523855374b2b52306f5741784141514e375977796d7265395652465a57784a5a5656386545484178426a3644473261517841474941595a57384173726d7a4c336171376773794e502f4437756378674767626c717766504a5031526d6c337a705373502b4f5637694553646778414141414130764e7479666f654b566b4d514141416561485571617a352b76473632666e6f38494d4243414d5142694232345271416147643139735857797238377777732f4b352f4c35664650615141523952504a2b73467a647a306e4a664d757966707a586e314f436a734749414141414f6e356e6d52396a35517342694141674f6937757272367a386458566a3237632f6a424149514243414d51752f414e51445a31396f304f51655458463250444333386c6e394a5434702f5a41434c6f65736e3677584e334853743573663663563771426574677841496d726c6c346c665573365374496c7a4c5a4c57365656307448533736545053792b524b715577364a56305150644c3658684a37316136514e6f69725a464f6c6e346a665678367156516946594a36616146307350514e5354396d543544302f587157644b476b373173395879756b59795139542f70375079724e6c7772646b5051573661765358795439484e436c41732b51566b723638665a333661665368365446556f4f55722f716b31306d666b765437524430662b72477a51644c5075573353656b6b2f78705a4a503550307a754c397055594a795931496572372b6e3353697446625338357234504431462b70503047656c41715a445071583464313656373379596c506a2f31363974706b6e37743179564139566339622f7135716e2b6e3664304b2b765677726f52672f454379766b644b5669454e51475a4a2b763353427951395634644c533658547063546677346d766d2f717871332b2f364e2f446e355a654b33564c324c3339704339492b726d766e2b766e53767035723338483663665a5636513353666e38397a4b41484e6a7a6a504b716463645856726e4c586a454153635141684147495854674849474f3770484e4176786b44454432766b4b77664f704f6c46314f3836415574363839364e53694657566748494d335365795239726957532f6b436e502b447042583239384b67585866566935475330536a725130422f45726266547136756c513656732f35412b54394b332f31724a4f71356b505339746b6e54514d31584b463371782f6d50536b644b2f4a6574745437646e7059736b485337707831712b44342f654b763152306f736f543076574f556d6c66306c365166616455705266544b4c4452623072574c2f6d3343745a6232733658534870313750335357482f574e4c504a3333622f79487033333036394e4c306e342b5164464134325176704e644a374a52313250435a5a35387972784f646e495177734435422b4b4f6c413645584a4f682b7070702f666d795739572f6256557467746b7652433735386c4859547034444752766f424642354c362f59494f766f5077636b6d4852652b5739504e5642377857657448654f722f4a306776554f6844516a3331396650303671632b6c773678304f6b69614959574a446e7431593367647574306c5757392f75743076725a6230626876394849694b666158454332704f6b7651464b6672786f742f50366773483941377846696c642b6d642b4964306757656472642b6d67366574536e5151412f6a675646624d325646527347542f304742734445415967444542324c6677446b4b31642f62464c4f7766574f384d4c6566554a45433336673458317a662f75656c784b7865736c3638393739534d707a4d4934414e45666f682b56724f65656d4c362f303657766e4e56582f467550357a63647a7569357a4353395130557642466a50373663584a483166646b6c52704266732f79716c653865583335365564506a3247696c663641556c6656587567354c314e6b2b324a7952396457716d507a65434d6c76366b715244494f76744361722f53666f4b586231724a6d7a306a674c726d4b333062706830365a3030656965484c6a31705061626639453463765a4363542f6152394258784e307657327878554f6a54574f305430347a39733941354d36356974377042536555464c4d7670785a443132474e50506f62326b584e4c7670335149655a4e6b48575051335372706f44374d77784164456c7648506a48396531652f723075567675424776322b7a486976566e704c3072687741534939545654566e5332586c756364575673583037672b4e41636a3447494177414c454c2f7742456c38505372756f5a76736a70482b6c33502b3042684e39446b76564e2f2b354b35774b3639656539306c667068316b594279412f6c717a6e3356333653754a55364d556458583742656f7967306c632b366830615164494c484a6d2b4b4b4d2f57456542767170535877576337756435304f6e796146473571472f52567a57664c566c7657366136557671694645597a7064394c316e466e4f72327a5170656e437774646c73593654697639504569566e754f6742383957656f656233676b615a58707856313878627231396d5534484c6e6f485a686a6f734d7736786d54704855562b36584a42316d4f4775565357634d32454e3070364e347431544e6e7150456e2f4c67755450615230687276363934365841556e766472502b764a393043544941534d75306c5257564e79634748777841374269414d4143786938344152502f35737537426678595654653977502f6342684e63374a4f75622f57547047727170306c644b57342f683163756b7341726a41455458674c65656433656c3876565a58366e7364356b56502b6d7279494f67537831596a352b4a354f2b366f72326c4d4e4c6c506e5470462b753463356b756261464c715557464c75555635495555502b6b67354f3153574f6865485a4e39565730513666723330365663532b654f7175756b564f6a7952587133706655596d5570666c523431657346666c337530337035737073762f6655764b4e52332b573865584c463353307139303779414f513770455644627034434e7366786672317948392f6a384d39415535316a48754c6e3152546a4c367663386a6b76566e2f615976494147413144696c7062306e6c56666563554a4635626a6842774f5158574d41776744454c6a6f444547327a74455a2b727a4d774d4d66394d6741676e485139614f75622f64325637672b4f756a53543954686536544939595a555041784339614c5137746449706b76586e4d703075382b4b5866717a70442f585734325936586473384c485154376f736c367a6a446b69377a704a733368356c2b48756a61343962783579726472365643797056585370644a3172486c7176736b335273676c39495a674f68794e4d6d305337716e6e76566e7335472b516a774d51365655364e426339326979336f35637058665436483477755a4c7441596a662f63427958616d55616557536675396e50583959306a324b637632437858514849487258384f376f39324c576e776d6959676b416b6e4d714b2f39765255586c4c63667238494d426947634d514269413245567241444936424f6e716a353364335839666248686531472b72422f4a56673252396b3538735855633458583775496e684143717438486f446f6e54665a326839696478306e7065735179587173624a627249596865784e414c41396178685458644744714d644a2b4a617954726d484f644c684759697a587364636b3336336a4330752b6b58456e6e61365a7544723837756c477a76736a412b6e505a5444666c442f4e6457744f6b584331336c557250534c705a6479356b65774153746f466f716b32564d6b6e7651736a5748682b5454623948663565554b2b6b4f5148542f4f4d756e4a657633427855444541444a4f5a575662316852566e3750364a3066444542536967454941784337364131417a757271482b33696e6f46626e546e7a77377a78476c436f2f5079774d434b6c533966487468374c4b373059464562354f6744356d475439336c7a3057796c56366237746d657a4e5569363856727048736f34703741573139466c515069685a78786d6d39414a727470594a3144744f644e6b79367a6a436c6936465643316c577a6f446b45636c7977386c362f666e4b683243704c705856446270782f324e6b6e584d5965733755725a6c65774279715751395a7468726c444c6c57354c316e47487635314975704473413253784e7048655557723833794269414145687133704b4b796d66474454385967486a474149514269463130427944617471362b683579686f567a65456735675639736b363576383358574835496375685763396e6c64363053324d386e45416f68656872642b58793734756564486c4736772f6d36743033656c732f313233554e496c70617a6a695570683264386954454e4172335470707834706b325a4c75762b49396678685454635a6e694a6c557a6f444542316554665158796671397555377673676754766176434f73347739794d706d37493941466b6e5759385a356e545a74457a52446461743534784b757378697471553741446c66477574566b765837676f34424341436255316e35706955566c552f764d767867414f495a4178414749486252486f446f636c68724f6e73645a33447576753658435143353153745a332b416e617a4962704f72777848704d723351642f72444a7477484939795872392b513676556a524a566e3056656c68766643696d35316d307a4753645278525370634661705a794b64504c5a3253696e30715a6f752b50714335767331724b706e53584452777237486658354f7056345250706b4e5136766969557a61582b736a3041696549462f39756c54496a6145705337367a41706d394964674f6a6653776e36496f42733366334b41415441727079616d726563556c5a78747a6e3830436f5a6743534c41516744454c746f443041536e643831634b637a7446426671514567742f7863394e37647865685566452b7948744f72543070686b3038446b4c4174757a4b786b36574a6d695239426144312b385053563652733055325672574f5954447151304975366c3069367161396555443548756c713655337053737637635a466f75355971667a2b6b77394538704533515a7159736b367a6e545451655a656c6547586c54544f38313072357933537670712f69394b656f48394b456b2f7a71772f3737642f534e6e6964774279686d54392f37436c6d392f6e6b693474614232586e2b36575470642b4c58314b30673330337944707836554f4b6e51766d6156533048632b5a5774506b47775051485370557573787735774f62594b6d6633395a7a785856644f6e6162456c33415049664b5346623377752b494148416545355a5766654a5a6555506d594f50524a554d514a4c46414951426946312b444543306933723662336636352b2f7666746b416b427436496450364a6e39333353424e5270746b50613558316c712f755a59764135427654766876366151584e54644966354b2b4b2b6c7956622b5839434c4164736e364d3337547a555154644e3375795679593156634b36724a5a2b73503931795164424f72375276634f2b4c646b2f526b2f2f552b716b374c426b61786a534c58624a48322f665658533966584c7056546f485a303636416e7956612f5a327464694c4c30624c73694e70362b5139474b2f58747a58433673766b58515a515031565035592f495831623075476544707173783067316664396e346c57704b7954722b644a4a50365a654c61567a6648706e3131736b5852497169466631666b374b426a38446b4d6e65776162507158642f365956382f56716d5834662f4c4a30696e53745a66385a762b6e69356f702b664430725763615761666e372f51706f6e70614e443068646836446d31486a6564394f2b4551536e54736a3041556670396d76573459557948392f744a515470437370374c62377176697435782f564870465a4c6535544244716e4c54752f503042556e36643870484a4230695a3249513848347047394964674f6a6d387571506b76582f4d3545754f516b413438773871627a79446e506f4d625a4b4269444a59674443414d51756677596775687a576873362b703532682b65774a4175544759736e36426a395a6830715470612f617368376271386e63655a494a2b5441413058576572662f75316358537579537669356f36594e47506d65736b36334853535a395436584a6f666f63554a307236536c38764c35662b4c72306f57592b54546a2b524d6b307647467650376456646b6c356b44757156335333537236544a376b576977355273307a746272474e4a4a7a3266503542307a3478303655565a4863436c657845395564424c682b6d795774627a704a712b756a36494337316c6b6e344f545862414e312f4b744854666433365846744f377237346c7455706539477577446b56304d33507273644a74374341366d383654724f4e4a746143576964505030386b4f42696675585a414a755269416c4572766b585467614b563366756d51546a393264596c493678695370643844364e6458722f524f5939313458703948372b6252353951687654372f46365450536a7255436c4a5153796465492b6d4c556d5a4b66756d6631626454682f4457633654623035494f377a4d74335147492f6e32723338395a2f792b5639504e51763266576a78503947716b76574e43373866347257623966753141436744696e736e4c65716f714b4733544163647a45676366454b686d414a49734243414d51752f776167477952746e6630332b48307a6531307634774179423539316237314458367967726a49706a2b5957592f746c663541477962354d41424a4e37314c514439753071574445763368306e724d644e4a6c4e6e54646275762f4a5574666d65706e37366c68535a66747352347a31665156767956534a756e6a57382b397533535a495231675a636f7361624a334147567a344b6c33596c6a486b45363679664565556844304662667076704a334d68664d4a744b6c71617a6e534357394f5039424b5768367366396f7958724f564e4b42544b62354856366c6d67345739534b75582f7033715057343661536631396b326d6238373941374642564c51586974644b316e506d55703677547954636a4541536365504a6573596b7656584b597a326b617a6a545366393375726a5574443065365967376d72567a364e4d5333634138716a7833314a4a6c37667a476f4470337a64364a35332b765448327a2b70414451446b4b304a5a5763655a35655658485664524d547238594142695a773037724269414d41437879363842694b622f664858666e497469665973473343386e414c496a33615646644c6d73494e524c31754e377061396d43354e434734446f52536864646d4579394b4b373964697070757376572f383957554873777a485a49636a487045784c3561344c58664e386b5a51744a306a5763615353766f6f334730596b362f6c5454666448796351465671584c6d7567794839627a54697a4941596a66433262367175367055696270525644727556507059436d544d6a6b41306339644853784f6c72365365374a33672f675a4a76756c2b7756617835424b6d62373754692b532b6a32582b7633585a50382b5453596642794236743249595458625a4b663365616b38706b2f527a77587275644d7230397a4870446b4453625933554c71564c393574376b787341784b32707144673350767867414a49736139686878514345415968642f673141346b4f516764686c5058504f6a793136553658374a5156415a766e5a54445449567a3770626554576333696c7237514c693049616742776942555666775777395239446449656c53566b48526466617435306b6c7654436361636d5769446c63797361363835617a4a657559764e494c69396d7753724b6550355830676b6f32364e727531764f504c61676c7350524f4675767876644b50385654336a5a6d73333072574d5869563665564c4d6a5541436670756758354a31374b336e69755673726d78764e2b396e724b78394b43614a766c646e697554513935384849446f4b2f4c4452706658736f34313158522f6a327a524f2f4d6d733554673356496d6833615a4849443855414b41514a53744b7130342f2f676477773847494d6d796868315744454159674e6a6c3577426b63396441624b753076584d676c787373416f566b715754396b4a437349482f772b62426b505964587573463257425443414551766b723147436c6f517932456c537939305a6d4a7078573253395879706c4f6e4e304855442b6f6e507152666f637a3030314665632b376c7a52394f3778544a4a4e3847316e6a655664466d314b564b3248436a743773344d58614d3943507271574f76787663726d384350427a3939686d6d35496e796c42443042756b46346d5a634a6b37717a514336485a6f487331574d2f765662614748776b36424e454e3171316a5356596d7a324d2b446b44302b357377306538786e704f735930326c6430725a357566465432504c35464b306d52714166465543674144733331397a6557586c596365576a78312b4d41424a6c6a587373474941776744454c6e384849504568794744733371483575735a7a7074644c4277715a446a4b656c3677664648625870564b5139485a2f36336d383076586c77794c66427942367268644b6d614158532f31634d456f6c765443745030686e776d51756d4c39467972516c6b753435736c48536a382b7730413147725850693152756c5444704a737037584b2f33635347554436714456537270522b73546a4f55304b676736594a7a3632563772306d70396c52535a72757653515a42315473745a4a6d524c6b414f5366557162503638386b36376c544b5275443165736b36376d54705a3866756143767272654f78797364386d5243506735412f4f772f6c6b6c2f6c367a6a544b555053626d69677866726d464a4a4e7837506c45774d5148522f4c774149786776563164383971727769646a77446b494962674a77716e5a616f5366353974416b446a346b5a4135445478335447614c4e695a30795070384d4f42694154792b3842694c616c652b42465a2b35656571757162706f4c494869366a712f3167304b7950694d4654532f5357732f6c56615976697159716e776367743069364e30496d36643463316e4e5070745653706c2b56763179796e74757258307546716b57797a6f6c586d58793136567a4a657335556570325553784d48536b45636a36357a6e753567584174796562783036523470316a463570522b506d52445541455433484d72303355394b58777a786f475164673166666c444a4a6c7761796e6a645a543070656d78746e306a4c4a4f71356b365632466d5a43504135412f536d47684133447247464e4a42342b356c7371796972737255304f376f41636775746b354141544471617236774c486c46532b4f446a3859674f544e414754566841484971683235643374494f767734716248353275574e7a5665736d7a5a393166616d36556638643861736e7a757a4f7a34556132332f694e50532f6c466e5a74744c6e4e6c64766336737a72346464593670532f37663749353970512f475a6e563952482b395956627272382b65336e4c4535756d7a6c353363505031667936624f75436b783945674d52654c744848376f502b7577677748493243492f41496c74374f78377a706d7a344150756c78734177646f67575438734a43735433695a5a7a2b585638564959354f7341524a666c474a617934622b536451782b5769746c67323469626a322f56396e614c794b73566b725765556d57337447534b5870787848704f722f5175315444513556632b4c6757314962576654584a312f35526338374d736e6535446c416c42444542304f6246734c71316d4c5a3258536e717850354d756c367a6e5464616e70467a53345974315846356c346b3666664279412f45454b433331426733574d586c306a6863566c6b6e574d586c30735a554b51413543544a514149527179382f4b56486c4a6648372f7867414249766f674f5148586439534b64494b78716d506256753676523774303662636373314d3264646374574d4753646432447a6a2b7a397061744a58576656496d647a38616e6430715a5335483577322f64336e7a577235786f3074375375756d3931783251557a323235635037336c2f744e6d7a4835434768313672485a6a41424c6441636a6d377667515a4c333839396a4958712b4f66776741434969664e64347a755465503958786550534e6c65373135537a344f514851356d3856537476784b736f346a3366526a74457a4b466a3858446d365743706d6666582f305047654b337958594d6e5833514b37644a466c7662374a306635646338334e486f32374d6e776d544859446f736c634e556a62702f68585773586a3148796c54644e3854367a6d546c616d4c73756b3658624b4f4c316d5a324b4d674877636759646b44546c636f304b556d7257503036743153574c7866736f34786c655a4c51517471414b4a6643316846416b41776e4d724b4263744b792b375a4d6668674142497651674f516c5737367a3873626d7837614f6d33364a66664d614433566d645878633264323634654b6d6d62744c2b2f71584b7a6e6d36365a493632744c334f3642743772645058392f4b6e4f336c4d756e4e56327961726d6d512f71335343725a37534d786744454c55494445473272744b6d72392b476965664f793955706b6f42446f7368585744777a4a797552617853736b367a6d39306f7570755a6150413542734c2b336a35304c58784b365164506d65625071465a42324c563956536f64496c3161787a6b697764556d54432b7954722b62774b307975516736544c436c707662374c30516d38593649577578795872474a4f56695348365a4159672b6d647a39624f584c68316f485a4e582b674b31545069485a443166737652757144423475325164583749797357394a5067354177724b6b6b642f4251626275556b324833377441394875676f415531414e6c62416f414174453262756161303475786a796974696f7875664d77445a576367484943756c56564f6259696670384b4f68386249485a737a2b697a4f723956334f72506246526533746573747550767851586c453072372f4461652f5a7a2b6e6f65396439626432486e394538362b7156303266483173786f6961316841444b6d384139413943345148594c38643242456c7a66493131646341746d6d727a4331666d4249566959644b466e50365655596670444d74774649726a626c31435733724f4e4a7055656b49536e6244704373342f4571714f574b6f6b7258364c664f53374971704b4364496c6e50355657626c492f383746337742696b73394f757164597a4a3072393767755a33414b4a3333756e5365726d69582f7574342f4b7157777061715a547531346c377044433551374b4f6333646c597443626a774f51333068686f4d745a5773666e56526a2f2f7663377a4e47766455454c596744795a516b41416c46385955584643547234534d51415a457768476f4373634838397562464a633162564e7a322b736246353757334e4d7a3774544f32764b667239562f5348795579396169644d396e526139717477757271616e666265393534317333586475686d7a486c347a732b56467652746b7a637a573052694154436845413542457a747939547054335a79472f6368594967702b3943374c7841374831764b6d553638466f506731414470567978652b6d3470712b44334c467a34625275724676496274517373354c736e716c6f44306d57632b5672453153766b723367764f2f70444235713251645a374a2b4b41584e3777446b7a56497536596272316e46356c596b686b702f337056354d44354d544a4f73346b785830636e4c354f4144526654647962625a6b485a74583254793336627057736f375a717a3470534a4d64674f6764355141516a42637171772f5650543859674f796d45417841456f4f505659324e392f2b7271666d79523261302f4b6d6f74764531377273516358735546526674393168487a35482f62756e3831396f5a72512b634d58504349495142794a6a434d51445a4a4c2f4847566e30572f6439434d41666666576339554e44736736574d6b3033466261653236757653626d554c774f5158472f712f43504a4f6936765069336c3074575364567a4a2b705a5579485349594a32585a415739444f61724a4f74357650716b6c49396549566c766237497973667a4a5a506a5a66506f304b57682b426943353372673777633946554e30664d6d682b2f67344c323549332b72324a645a7a4a2b71415570487763674f696559626e6d3934364a513653772b704e6b48624e586e3547434e4a6b42694c366f6764556941415444716168342b35486c35654f47487778414a70536a4163674b61615730744748716931756e546a76586d64583636316a7a4c4e3034576c2f4e672b536d4f68333972334f36426e3532377379326931664d61496d6471634d514269426a43736341524a66434f6c4d654b7a61797a7a766439783241394e306d575438344a437362394f4b463964786558534c6c5572344d5150515674376e3058736b364c713879735452534f6c5a4b316e456c367964534956736c5765636c575546767471717649726165783674574b522f70783654313969627274564c595043685a7837713762706143356d634155694b46675a2f39754c3475425333647766494455746a6f7a2b48577353597236503074386e4541386b7370312f7a7354364d315347483165736b365a712f3065364167545759416b71387655414351626664506d375a6757586e356a63637841456c656c676367703067362f446936727548707535706e2f4d615a505876666f7147684765363744576c79466979593558543076767a52397037664c4a382b2b386b7a5a3758474e4850776b5967426946766d4279434a4963674650554f33793773724538746841506c4f4e376532666d684931686c53746a776e5763666756644158523950424143515943795472754c7a4b3951446b35354a31584d6e4b31303230553357735a4a32585a4f306a42556e3346624f654a316d5853766e71504d6c366d33665843314a594c747150745557796a6a645a6a564b516f6a77413061394e3176456c4b2b676c69585154654f74356b6858475a572b614a4f74596b78583038434566427942687550504d7a3531534f766750737a326b70795472324a4f6c50354d48796538414a4f7a6e4630426b4e46584f324678527353302b2f4e4159674f79324c417841644f6978584471745965716a5a7a63326e584e48303478337948757045506279794c70744d397350757171316339756d576132506e5447724c58626d784f4748786744454c5473446b5067515a444232782b4438693473717038313033315541556e4f4d5a5033676b437839565669322b4c30465035657643475141456f79706b6e566358755636414b4c4c50316a486c61776a70454b6d482f2f5765556c5730427648366f624431764d6b4b2b68585a34644a7568652b77727157765a39585a692b556768546c41596875486d776458374b43586a355239304b786e69645a6e3558434b4e30376b6d36556770535041784239305545757a5a4b73342f4a4b3733494e75314d6c36396939436e4b49374763416f6e392f356576646d5143793766727979734f4f336a483830426941374c594d446b4230384c464d327449343961722f545a2f3939364c4b7571432f5963667544546e645134656431394a3537576b7a39613451426943354849427336523655507a7359632b62756336533862786a2b41616b706c744c643546624c706e374a4f6761764d72474d53616f596741526a696d51646c316535486f446f6d75335763535872524b6d5135586f416f692b65734a3744712f644a2b576851737437655a495631694f666e446f5933536b474b386744457a39657a4a564b517669395a7a354d73766273316a4f3654724f506458586f684e306a354f4144356d5a524c62354373342f4971364d33434d2b464c6b6e58735872314d436f71664163682f4a4143597649664b7139377a6a374c79324d3637507a5147494c737441774f515536546c445932786a5931547a33646d7a50703030657a5a4c50325449303750304a44545066434a383265336e374e326c6e744843414d51742b774f515051756b4858795a35795276566e764530694e6e3030626c306e5a6c7534724a685070657475356b4338446b4c644975615962574672486c717863443044654a6c6e486c6178734c69735852726b656750685a6d312f545155452b6572646b7662334a43734d362f4261394f476f6462374b432f6a347979674d5150332b666e5351463652544a6570356b7a5a48433643374a4f74356b42666c712b6e77636750785579715876534e5a784a6574784b51723866503572515736457a674145514d37306e6c5253647664785a65587534434d524135446446754141354f545270735a573154663831356b2b363132786c3734307a42746e465a5a44586c3058362b782f35395a5a375a6573316b4849374c6259576d50595957554e50436247414d5237414a4959676d7a6f486e446b50634b2b4e344333315a4c3167304f795869706c6d352f4e654457394979775847494145783838472f626b65674c7847736f347257667135574d683079527a7276435172794147496e32584c587054796c5a3939624c346f686447504a4f74346b2f55744b556852486f446f332f6e57385355723645325172354f7335306c5770525247756a2b4364627a4a367061436b6f3844455030654d5a644f6c717a6a5374613555685230536462786578586b7669774d5141446b514658563949326c7052636371384d504269425a48344373714b312f2f4c7a47716671585a533433646b55717973763376363674612f7661326531506a6734344a6777384a6d594e504362474143533141636a6f454b526e4d485a353335782f795875694e76344f415744514961483151344e587565423365527039685630756c73526a41424b63663076577353557231774f516c306a576353577230416367537958727643517279414749587179786e694e5a2f3558796c5a2f337835756b4d504b7a664a4c2b6d534246655143796a32516458374a4f6b344c307447513954374c435370666e7449343357514e5355504a78414b4a2f4a70663059727431584d6e36717851567a306a5732354373593657674d4141426b485637506c4a523963736a45384d504269425a4759446f4852394c366874695630357457754d304e2b64364c57366b79656b64654d2f396e66326e6e7a367a395a6c317875416a6b5458776d4267446b4e514849467436426d4f62354c3835382f62527a556c3144586b41752f4b7a726d2b753771685166693461614f2b52736f30425348415967455244716152443153467067625333744668367566517153652b4b3063384c58537664536c2f67593532585a415535414e453943367a6e534e5a364b5639746c3679337556414b2b6f4a716c4163672b734937362f69534665514170456d796e714f51477047436b6f3844454c334c4b3563656c717a6a536c61556c6d752b55724c65686d52746b494c43414152416473584b716c353956476e3573364e4c587a45417966674152416366793658543678737563365a50663164525852314c585556586a644d78394a61317339722f72554d5136323451612b41784d5159673651314139433651626432446a7a6c7a46345a314530516731793651724238616b7155584e6e506c36354a31544634462f55725556444141435134446b50446f6c4e347336664a41683073624a62304c346e2b5339545a6c756941484947644c316e4d6b532b2b53794663335374626258436a70456d4242697649415a4b356b48562b79677678376436466b50556368706563674b4745666750685a7369365841784264617330364a712f302b38536f5743565a62304f796447675346415967414c4c72694e4c534238594e507869415a4751416b6868386e467266634f384c7a544d2b5664512f56622f67497a39554f6a32444831382f752b3365306145484178427a2b4b45464d51424a444547323976546645487631712b7663397747414f4830316f66554451374a304359706371704b733430716c5a696d62474941456877464937756a623856314a42783250534e5a78353749674279422b376a434c3068496d36664b7a35456b2b7851426b70317750515054764965733543716c43476f41634b6c6e486b4b7863446b4230667862726d4c7a615834714b3479547262556a574c564a512f4178413948744841456a6635744b4b34335434635177446b4a316c61414279576e336a6737633054662b546e506177664e4f4c344a553758554f2f58542b722f6145314445444d676871416147663344735675374a2b62693165414132483255386e366753465a663552793751724a4f6a61765069396c45774f513444414179533564716b727637726866736f347a5441553541486c417370346a576670314e422b565339626257306778414e6b7031774f5144306a5763785253685451412b61466b48554f79636a6b413061556572575079616f345546547273743936475a4e306a4259554243494473634d724c3333393857666b7a4f76786741444b6d414163674a306b6e5374644d6256345a6132352b745876716b6565633772375833396e5a6539707073397069363479427838515967506762674d547641686d4d4f66503266706437366748456c363278666d424956702b5561346449317246356461365554666b79414e486c6a6e4b4e4155683266453779733546724c67747941504b345a443148736f4c654b447373366958723753326b39434a736b4269412b50634a7958714f516b72335667704b3241636750354373593068574c67636772355373592f4b715659714b58306e5732354173765773304b41784141475265724b79736130565a3264574a345163446b4445464e414135575471387075343570374870344b4b6d6f6d7233314b4e51374c4e507264505a662f42704d3173665857384d5063624741475279413543722b755a634a576463317938484370326648395a3067386577734934766c594b38674f4346415568774749426b3168656b657958726d4d4a656b414f515a7958724f5a4b6c6536486b4939334d336e703743366c5053304669414f4b66446d65743579696b676c7a474d2b774445423073573865517246774f5150783876366656536c486835333053354c4b35444541415a4e79557138764c6a7a363272477a4838494d42794a676d4f514452757a376b7a7a353154575054502b52637338384871713974373132797471586a68596d446a30514d51435933414e6e574d78527a35753633524d3531616679554177564c6c376578666c68496c6c36632f556849386e4d68536675786c43304d51494c444143517a33694435585649754c415535414c45653336757653506d6f58624c65336b4a4b39386b4b45674d512f37346d576339524b46306b42536e7341354476536459784a43755841354333536459786552556c58354b737479465a2b714b436f444141415a425a546d6e70472f356556685a6a41424c734147523038434674726d2f386c3950632f46623364414f6a6e4a366839313363306e6d5a4c6f6b3163566b73426943544859414d786a5a30396a2f727a4e3333595064304134564b372b6177666c6a4939363656736f55425348414b5a514379527371576e306e574d5553746f4159675a5a4c312b46376c367744453736612b2b56496d39727469414f4b66336d6c6c505565684650543167724150514c3472576365517246774f514e34725763666b565a52656b50646c79586f626b765759464251474941417971754b6b73724c2f786f636644454343476f446f384f4e342b666462477070504b4770713152387567463356546539772b6f61504f5856322b37676843414f5179513141744f30395137487a756f5a756c724f633634746a514b363855374a2b554369555869356c41774f5134444141436334656b6c3659744a342f69675531414a6b6957592f763154656c664e516957573976495a53705a63304b62514279756851555036382b7a3465756c76524f766143466651447948636b36686d52463851365171564a552b466b43367a34704b4178414147544f665a57566634675050686941424455414764336f764c62756157666139492f4a4b51374c4e37514972784b6e642b53547038397566794a784e7767446b4d6b50514c62324449307568585876344d4a667575635a4b4451724a6573486855497030304f47424159677757454145677a645a32367a5a4431335641747943617a6e4a6573356b71564c7465536a615a4c31396e71315176704c6750315a307139623270386b7654506a44394c767064394a763358376a6652725354667131652f7666694839334533766476717039424e4a6c3048554336574875756c4735377268736c37634f306a716b444b464159682f75682b4c39527865575239546b796e78385a6a34574c512b48684d6669396248592b4a6a3066703454487773616c2b555869566c43674f5159506e6441305358476f774b2f546932336f5a6b3353594668514549674d7a5170612b4f4b7931395a4f6664487778414a6a4d4157533474716175506e644d7737564935765858787377796b6250624e6e66337256732f75694b316e41424c4941475230434e4939394a777a764641336767594b53614e6b2f5a4251534430675a514d446b4f417741416d4750723731764837545679667242572b397150644253596352756d2b43337545385539494e587655436271723575544d6c794148492f7954724f5a4b567a58324673736e507853627451416b324269442b36643566316e4e3442567659427944666c71786a5346597542794436383652315446344e533147684130447262556a57663653674d414142454c7859585633446557586c363434654e2f7867414f4a33414b4c446a2b55317455382b30445264587947693677734466705139337a66386c7a4e6e647a7935336878384a4749416b756f415a49766542544b38634c3263573461534b4353666b617766456771747430755a7867416b4f4178414a7539777958724f644e736f665535716c594b5736774749446b65743530695776694938482b6d46642b767439597139445865504159682f66766459674333734178412f6537376b63674379574c4b4f796173672f2f374b74474d6b363231496c7636634852512f417842396b515941374a35545576617849306f6e446a38596750675a674a796b7631625850687072624e4c31316e567459574179697032656b66647461657436615064444541596771513541744d336467792f453575327472796f444373563279666f686f64413657636f3042694442595141794f652b57724f644c7037394c6d567765534f563641484b545a44314873705a492b556f33734c5865356d523957494b4e4159682f72354f73352f437153734b75776a34413062325672474e495669344849483253645578653666654a5558474b5a4c304e7954704343676f4445414342717a2b387050537859786d414244494157564a64653574543370434a563869686b453176377a696e74667457426942573651314164432b5162543244747a6b6a2b2b686d6e30432b382f7344577235574c325553413544674d41447854793841366a726331764f6c6b67344c7337564d52363448494f644c316e4d6b61363255722f34725757397a736e5476417467596750673354374b657736765a456e5956396748494e795472474a4b56797747494c76646f485a4e5858356169346a4c4a65687553705873724259554243494267625330742f6674784f76786741444b7041636a53326e726e697270702b6f71776876695a42514b337839576476657650624f6c3459667a644941784130686d41614e74376832502f6d37736f7946656f4147476c4732746150794155616f64496d6351414a44674d51507a7a73356c734976313479615a634430425753645a7a4a4f73364b562b6449316c7663374a3049326659474944344e304f796e734f7249516d3743767341354f755364517a4a7975554152506e5a5130727672497943506151584a4f7474534e5948704b4177414145516e4972696972324f4b796c39624854347751426b55674f517078756266796d6e5646384a414752536261782f2b466472577a7065594143534b503042794c62656f6468362b624e795075664554797551742f7863524d376e746b695a7841416b4f4178412f4c74627370374c7130315374766b5a51415135414e4850502b73356b7657386c4b393067337672625534574c796a5a505159676b2b4e4931764d6b362f55536468583241636a584a4f73596b705872415969664f2b6132536c457758374b4f33367346556c415967414149544e6c565a5755726467772f4749436b505144527a6335506b4a7a4736522b5838316b63503631417868553750634f6630627441346e65434d41424a647743797454632b424c6c2f7a73497a33484d4b35434d2f46324d4c6f523470557869414249634269442b3642353331504635746c6e4c427a7758334941636733355773352f43715838704876355773747a645a463069774d51435a48443937394f6964424e68563241636758355773593068577267636736795472754a4a316c78514675726554646678656c557042595141434942684f656457376a7967746657703037773847494c3447494366583174345a713574366b48744b6761794b645132396446314c2b2f385967506762674768626567656659554e303544452f463736666c6234586b617a6a54795739344a6b7044454343777744456e364d6b36336d38797455646b627266694855387951707941484b775a443248562f6d36386663484a6576745464626a456d774d514362487a784a35783072595664674849462b5272474e49316f2b6b5850497a4d4e616d5357483342386b36396d52644977574a415169417959765646545763576c70327962693750786941704477413065484871707261573532367161393054796d51453037503847765062652b2b635330446b486a753843505641596a6542584c336e49586e787735346736347a444f53626579587268344e6b48534e4678616d5339545a34646157554b51784167734d41784a38374a4f74356b72564d7970586c6b6e564d79517079414b4b44482b73357649724b4f75377038727678644a6545585445416d5a77665339627a4a4f74534362734b2b7742454e7765336a69465a755236413649766f724f5079366b4e533246306f576365654c4e30504e30674d5141424d6e6c4e573974456a536b746a527a4d416965634f507a537641636a793272725953625631313859616d6c37716e6b346770324b39512f4f3374485a6676354542694b3842794362352f38373876542f686e6b346758377856736e3477384f70414b5372654a6c6c76517972744a325543413544674d41424a3333544a656736763369486c796f6d5364557a4a436e49416f68656272656677366c6f70482f6e642b44594d587a50436941484935506935512b73704362734b2b77446b53354a31444d6e4b3951426b62386b364c712f307a736377307955657265503236714e536b426941414a6938763565555048454d4135436475634d504c646b415a4c6e2b576c5633677a4e74647139374b6f465163476233744a7738712f312f4738336868385941784271416147644c352f514f7954644c2f7735797a564967312f786356487855696870647373743657377a53572f737a6751464963426941704538486d4e5a7a654a584c43363736696c48726d4a4956354142455853565a7a2b5056734a535064453850362b314e3170386b37496f42794f5230534e627a654d55714462734b2b77446b69354a31444d6e36745a527254306a577353564c2f307959665565796a74757264696c49666759672b766335414d53645531723676574e486878384d514e4964674b7972726275676147696f7a543256514b6a455a6736316e6433652f5a393144454453476f446f5853446e394133486e7079377a362f6355776c455862586b357857386d6234516e776d3631726631746e69567155306f47594145357a2b5364577a4a4b7651427943475339527a4a7976574772436449316e456c4b2b67427946386b36336d382b7161556a33347557573976736e544a5265794b41636a6b36623443316e4d6c3677674a342b586a4145532f647565616e343351745464495961584c79466e486e4b784d33486e4241415441704d78635756783859337a347751416b3151474933766d787472622b4971656a5132384842454c4c36523265643246623978554d514e496267477a76485a592f4d365362654f6f33576b44556656797966696a77616e3870616c346c5757394c4b72314a43686f446b4f417741456e66567958724f5a4a31735a524c78306e5763535572364147494c67466d505939582b6272557871736c362b33315370636c7848674d51435a502f3436306e69745a2b6a33396e684a3243767341354e4f5364517a4a4f6c724b7457394a3172463546645939392f544f527574347666715a46445147494144386330704c7633564561616e44414354314159674f5034367671726e6c713850447265357042454c4e36523065584e666163667634356241596743516267477a724852374e6d62665054397a544345545a52736e366f53425a39306852645a396b7655316536537650673859414a44674d514e4c3351386c366a6d53644b755753586753796a69745a515139416d69547265564a4a687758355a6f72306e47533976636b4b2b377232756341415a504c3844696a664c32476e7341394150695a5a7835437331564b75365a35793172476c306b497062507a386e617a4e6b594c474141534150342f57316e61764b693239504c373342774f51564159677932727159717471617139306d70713633644d4952454b73613668747a657a4f75786d4170443441306274417268366364333152615246372f43444b2f4b36582f547370716e547465657474386b723344776e36676a6b446b4f417741456e666f5a4c31484d6b365238716c6f795472754a495639414245625a4f73352f4971444266674d6b474847646262367858665134334841475479394f76364d354c31664d6c614c32476e734139416447426c48554f79644b2b774d4e43374161336a3879707351324f2f643157664c325543417841412f6a696c7064383463747a7767774649736748494d756d4d6d7270726e4962702b62724249664b63307a6e51643146487a7a554d514649626747686e7966397a46757a48585343494d722b3334757350786c476c7236437a33715a552b6f67554a415967775745416b723676534e5a7a4a4f74614b5664654b766d35734a6d4a416367584a4f7535556b6e666a7242346c36523765457a323162674853646262367455714354737841416d47332f322b6446386b7849563941484b675a42314473703655777541486b6e5638716651794b537a4f6c61786a394f727a55695977414147515071656f7150475934754c6278742f397751426b64774d514858374950392f6e31453837774432465143513567794d48626d377266454348485178417872536241596a6542584a783338694e735a4739757478544345544e5a5a4c314130477962704769376a724a6574753830733072673851414a44674d514e4c6e642f2b6653696e6264496a78714751646a31655a4749444d6c717a6e5371554c70467a54463278746b424c48464d53645058644c59392f4f5650754168446747494d46346a5751396e31635053644d6b68483841346e667669557773765a537550736b36746c514b2b767451762f7a7377614c644a6d554b4178414136627571724f7a7a34776366444542324e774452346366786b6c4e6648365a70504f4362307a4e7777426d746e614d44447759676272735a674768624a57662b506c3933547838514a58352b754e562b4b6b58646a7958726255756c495066345967415348415967365875465a443248562f70712f327a6157377058736f346c6c5449784146466e534e627a70644a324b566630726f386e70496e483143424e78712b6b69592b5a536e644975526971685245446b4f446f636b66576333716c792b77682f414f5165736b3642712f303772307730493939362f685353622b487a5357396b3171586862574f7a61737653356e4341415241326b71504c436c35597465375078694154427941364e30663876756564657272332b65654f7941764f4c337a50726c753476434441596735414e473751465a333962386f7036303466766141795069745a503077344a5665354967363361764c657474534b6369424a774f513444414153562b4c5a44324856396d38514b68446d6b636b367a68534c564d446b4e644a31764f6c326f656c6250756c5a42324c706d2f505a4d7951484d6c36624b2f594544324f415568775069465a7a356c4b6d5671694a30724350674252443072576353547256436b4d5869395a7835647175666a37517a564a667663777555764b4a415967414e4c7a332f4c79622b34362b4568557867426b2f41446b65616568345276757151507969744d2f3778746e746e61397941426b352f4444476f426f5a30764f79483736677859514a586f6275765844514c4b756b664c46525a4c314e6e70317152515542694442595144697a353253395478655a574d512b6862704f636c362f6e544b3141424536576175316e4f6d57726275706c6b676e53645a7835416f694f396a2f69425a6a35314b78306c684e53547078325074364c396c44674f5159506b356e346e432f483239666b3354767a38794b516f444550312b7a446f4f722f547a4f5177756c717a6a537a57396d792b62657151724a65745955696e545178732f4178423965774155714c704e70615558324d4d5072597742694473413062732f4c7132724f30484f5756692b3651514339707171422f726d48442f7554684147494f5941524f38432b646641584e3154494e6358303442552b58336c3266656b664f466e412b6845656a45784341784167734d41784a2f6c6b765538586d56364c3642765364627a2b696d5441354433534e5a7a70704d2b52715a4d6b583468576338377353394a6b36564c4245356d614b58376b6b7956776d425053532b433635347469654f37584e4c2f6e696b4d51494c3147636c36336c54376952515775742f677a365237704d54782f55624b6c43674d51505275524f73347650714c46415936564c574f4c35322b4b575844473654624a65735955696e6f3731307344454141704d34704b2f76596b61576c7a3976444436324d41596730757539485a625665374d7a6b4e38424147465264324e467a2b53594749456b48494b503144442f37314d4b585a5075564f4942667830725744774a6544557235516a633674643747564e4b31376f504141435134444544382b61686b5055387136617639673661666c38644c317650354c5a4d44454c564a737034336e66347356556c422b715230733251396e3955587053423856624965503956305435443353376d696538376f4570473649625a31664a6e38586f38425350416d2b2f6d706d3037506b334c6c6264494b79546f3258584a4f6835795a454955427947636c367a68534b56644c534531306a475164587a71644b4c564a6d6144587533346b57632b6254746d34613551424349435531563959566e616d766664486f6a4947494e4b4b367570626e4a7161734c773643636930366732744851397348446638594141794d62304c35496d352b3579743579742b326f44514b7057656c4b7766424a4a316d5a5276316b7657322b7056554b392b5a774153484159672f7568463978636b36376c534b6368583075704637386c73647236374d6a3041655a6c6b50572b365053447038454133392f564c333539666b323656724f644931694653554d3656724f6449707a4f6c31306a5a4d462f366f61523365466a484d6a61394f796c5447494145547a6473747034373366346f64556a5a6f4b2b322f37755579683458756978524a6b526841444a48736f346a6c5852347045506964483149306a324c2f696b463858664c644f6c687954724764487061307275305a306c4232455036754f546e37354b4a6655724b4267596741464c6a464a63666346684a3651734d51485932635142796f67342f616d6f6663426f61394949465544426966584d4f32746a6139646a34495167446b496b4445506c2f6a7a6b6a2b2b72747a4543596655437966676a774b6c7533325766545a463739487353464f5159677757454134702f65665741395636727068614458536e3770786235746b765859515a54704159696137446b63323475533367587a45536d56562f5871657659364f4e6b6f57592b58616b472b49747250782f62753269353951517271777037537833716e3943644a393761796e6e6433365562796d6349414a444f2b4c316e5037796439746633627053434e534a2b576c6b6950534e627a3771354655695a45595143694c70537359306d31785074545878786b305947304c6c4f6f64303550484653736b6f4b67583476475075356b3037667067354c65555a6b4f3365506f545a4c6533526e4555455937584d6f574269414155724f3974505334354d4d50726179674279444853342f584e2b71726734434334777a4d505852315731647335784345415969564d323866765168534844397251436a7042565472687743764d76557177317a534330643673644636653733537461636e69774649634269412b4e636f705876527a557276676e7976355055716166303755692b752f566a36743251395670426c597743694a6e7368626e63394b756c6d7556736c7657744e66373161307230414a6e50337a735430347a4649656b6550395479543653727061456b4849727142764c36365834635a6575457573525351666c37726854386448756d796a612b55394a5865756c2f43715a4975593277396471723956636f554269435a6336526b485950666e704c30613937764a4e3072526f664141314b7a6c466a4f54706350306f75792b69702f33634e4437316a5176793931447a4c39753179486c6e726e6c2f58347161596633356b516c5148495a505a7a473576755858534470462f484e3073364748314d736e357649763361484a536653745a7a54446239336b672f7a33525a5037314452506436306f2f587a306c364e3976504a52336b2b506b657969743959554d324d5141426b4a4c367678615847414f50695a555637414245372f3759566c4f76337a537a3777634b3167744463302f6844704464443044304c70414e50594e504f51763337335a5047524132657148492b674841712f4f6b664f5633452b6a2f535a4e6465357342534841596745794f37763967505a2f66644a6b347656432f5574494c6a3370487731704a6c394c547055657350354e71715378544e4c5a73445542304761566e4a4f7359777035652f4e4d685174432b4b316e506c366e3844725454535a644379685147494a6b56784834397154625a72334f70467654674d694571413541577954715762465575426555557958714f4b4b5a442b386b73352b674841784141337334724b666e6c4d53576c7361504d6f6366597967707941484b6964464a56395731797169726a5a77776f574e4d75614f2f3972773435474944596e644d3348484d5737504d543933774259664e6c79666f42774374396856322b30673147726263356c64346e545159446b4f4177414a6d38537958724f635055435a4b792f742f7579745941524f6c795874597868443239657a5654394f3535367a6d6a32732b6b544745416b6c6e364e582b445a42314c564673675a554a5542694171694933452f64596b42556b2f4a367a6e69564a3668364b2b344372624749414138465336724c6a3439714d59674a67444542312b48464e562f625254552f3947393377424263305a6d482f41716132646f344d4f42694337646e6266634778547a2b446a37756b43777362764569327072454d665a616c734e476f3132597333444543437777426b3876716c4f79587265635051324c584572662b2f7537493541464642722b65653658525a72557a546a646d7435343569516536564d6845446b4f7a514a582b7334346c693156496d52476b415569666c36752b756f41636753752b57744a34724370306d36624b6175634141424542794a356157486e523053636b7a44454447447a38534135446a7046683934362f6b564f305250324d416e49473576316b335a686b7342694137323934587677756b714c4c796465377041734c437a38554a545a657879586548536462626e6b713674726466444543437777416b4750744a54306a57632b65793730686a5762396e64325637414b4a3049396b67396c584a644c717862375a3851487061736f346a536d5869676d6343413544733061584d72474f4b556e716850464f694e41425275526f3836305833545069545a4431666d4e4e3954484b4a41516941354b34704b31743756456c4a6a4148492b4f464859674279565857393369616271566457414648566548505030446f47494c756d41784339432b544f4f597532754f634b43497366536459332f313770526f6e35376857533962616e306d636c7678694142496342534842654c316e506e5976756b33526a39596d656c4b7a666235574c415967616c76346c576365553633544939536b703230596b585276654f71596f39426b706b7869415a4e64487042636b36396a436e743635716e66745a5572554269447172354a31584a6e7159536d5450696e702f6b7a576334657061365577724a6243414154413773584b79313936516e48785855637a41496b3359514279596d5856593057566459766330775667444764342f7637624f337276325758347751426b64414279796343632b347361612f647854786351426e375839353870465949624a65767439326f797238426b4142496342694442306e586c743076574d57517258646439716d5235514c4c2b6a4657754269414a76355773343870565336554f4b5a652b4c305670772f677a7056644a6d6359414a5073474a50326373493476724f6e644b7a4f6b5449726941455470506f7a57735755692f547379302f5272645a672f5076566a6355387044426941414e6739703754304730654d446a385967457763674f6a65483035392f5866645577584134417a4f2b7a34446b5048704145546249762f737a4e2f2f5550645541626d6d50357859332f683770586442466f7066534e5935384570666f653458413544674d41444a6a423949316e466b736e394b62355753755657792f7178567267636753692b656e79745a7835657439506c664c5957464474663136356c317247464937354c5266576630387a52624749446b6a6e364f36743362316e47476f57736b585171775263714771413541314a636c362f694362754c536a4a6e3046756c737954714f584853697446414b4577596741477a4f72466c5454796f707553422b397763446b4c454445463336367553714b7230397579782b746744737a727257376d7650596743796f385141354f792b4f6247373575796c3336686d2b685661514b72384c504e776b46516f75695472484867316d5355512f4677772b703655535834324b77374444384870626871714639427a625a5a6b48567579786d34456e69324c4a643072776a7165494e50335361704c7971567a5239755146425a766b37493943446c4265726b55566a6f49305664743379395a78352f4e64476d315a644b3770564970327a5a4b316e4874726e756c7350427a385647584c4171626c3070686563583944644c76704a644a3264597357636555724839495961464c6d2b716457395a784270462b6e6369464136566362654b7658782f3165344577723544796b4751642b2b374b35443436414d4c434b533765392f4469596e66347751416b4d5144523463655371716f6e6e4a6f472f5745506749645939386969645733644c32356941444c6132414849687037424635313569384f774a697167394a56716a6d543941444378783655765349586d59394c2f4a4f7563374b374a33756d6c4731302b4b316d505062456c55714f5553513353715a4c312f425054632f564e4b517a303162755853395a785475773636583153474f6853514c71577533576345394d37736a716c584e484e6e37387436555535362f6a38706863673369476c517a395848355773787876626b56495937532f395255706e4b6139304f6b50536335547072786442326b50534164485255726147495870425434634f50355430613867554b5a6465492b6b726b71316a6e64684e55686a75766876726f314b71377a763965365a564371733253516579367954722b445052375a4a65574e666e31526449354e70764a4c3054796a725769656e64487a3153324f6864622f70337033584d66746f6d76562f4b74646d5366702b7578324d645a314470556f583639346d2b7a5747353279775a3361667044736c365779616d4c3153634c7748496432644f6d584c6b4d5475474877784145674f513436536e36787431725637394a687941747a32636f51572f586466657a514245536778417476664e695a306a4f5176323034756259566b624664416c6639346b3659557858534a676250704467313645314c582f43356e2b2f612b7662744d66396a347454547850326f656b31306f364c4169432f6c43704c377a5135357a345850712b3075665375775779615a723053756b443068636c7666443944656e7a3072756b766155773076577964664373352b30726b7434783831564a4e7850564a535443654946477a5a50654c756e6e3464636c58595a56332f38666c6c346e3663574f4d4e4776452f7178634a4b55367357475248644b4b7952394830333234317066726130624765763757732b5a6e7276505358724f6f6e4c7858312f64725a39622b717265577954726e435872626b6d5837766d52704b384f7a7063373250655439454c77555a4a754a702f716856677248544c723447367a704b2b6f31362b31756b6c39574f6d6755372b4f6656784b66423354752f4e3034337064486d3551436a4f3971486977704a2b4c45372b6535654c7673386d716b313476366475785572705a537655464a5661505346644a2b6a6d765133423958346674612f78592b726e3451556d2f54756d4c48684c703536652b6e385036392b70594f7344585939566c50765872535370335265763753652f594f307a53372f76304d634a496a30732f6876524f4f683332364e2b783174766a6c58354d3632423176615166362f70335531537669656d646e336f58753334667231383739653352723658366663636270467a76677755676d2f3561584f7a735850364b41556869414c4b32757561576633664e3146643841456952307a73382b4b2b752f6d74323341584341475230414b4a3367577a73476267334e6e524174587571414144495233335350704a65334e51423253475358694454345a4f2b4b6c78663261394473316f4a79656c6443486f2b39594c72657951396c336f5257532b55366a4253427a34364c4e507a585338564572335170774e712f586a53692b6b364550695370414e612f586a546f5a782b764f6b53566a727331334f6b5332774251644d4c772b3253586954574f77723177716f4f425052726e6c357331597575657646564c357a72693074307a3638356b6735544541373649705a65535163382b76564333302b36644e6149464c55683355543667696639654e4d58666f7a3957766b744b54473830762b75517945646e4f7379734c77414745426565755834757a38596747676e564e66454c712b7644384d746a55446b4f49507a7637532b72667446426941374279434a5976503231572b6d41514141414141414147546174744c53453866662f63454135455270645758562b653470417544445854317a746f7a65426349415a4d667751356642756d786737756e754b514941414141414141435151644e4f4c53362b62667a776f3741484945756c492b583378616f62644231684150374e4764304c684148496a6747494c6f4f317657654f6268544d4c65384141414141414142414a743158576e72774d53556c2f324d414d6e3441636e3131335249355062726d4c6f424a754b797a3738797a4f6e54677751416b30546270493231743733525045514141414141414149424d654c53303950686468782b464f77445234636579717070376e4e70473353515077435135517774367a6d7a726648775441354278413541584679772b78543146414141414141414141494c326a724b796e6c4f6d544c6c69312f302f436e6341636e785654637970622f794e65346f41544e34555a3837385036786e414c496a5851627268734546313871353659696649674141414141414141434269705757487654336b684a6e312b464834513541547132736661436f724c6248505555414175414d7a392f37676f362b4f2b4a33675441413051484935743768703530462b333741505555414141414141414141417254482f38724b666d6e662f6145563367446b524f6e6379726f2f752b63485149436334666d2f6a3938467767416b6b544e2f38612f6430774d4141414141414141674b45355255633252553662386c7748497a67484930664c2f334e4d4449486831327a743748324541456b2f7641726d36662f35465261392f5734743766674141414141414141414577536b7437542f434848776b4b717742694e37396356744e33612f6330774d67412b3775477a37327241344749496b4279496275776565642b59763364303850414141414141414167434263566c7a386c6433662f6145567a67426b7158524d5265556a546e58316b487436414753414d37785836326c74336150446a6b496667476a6e534d373878563930547738414141414141414341494277375a63715644454469365230676a3954552f56314f53326e38374144496c4b6347352f324e41636a4f416369356663506e754b63474141414141414141514141716b67382f744d4959674f6a7759336c463958314f2f62514433484d4449494e694977735872577676656d4b5834556342446b423047617931387668795769726a5a77634141414141414144417050793274505474523570446a3745567a68306756315856727048545568342f4f774179724f62706f666d6e4d67434a64303766534f794f7762332b7a7a303341414141414141414143626a79744c53667a4141695864635666574c39396655666377394e5143794944617938434d624f6e7165306733524759444d695630314d4f395037716b4241414141414141414d416e6c3230744c4c375748486d4d726a414849615655316437726e4255443231462f584d337a35754f46486751354164426d734b77666d332b536546774141414141414141422b395255563762327375506732396743706a693256746c6656664d30394e51437979426d612f7830474950457537702f7a714a79536e76695a4151414141414141414f424c724b546b49346358467a3972447a33476c743844454e33382f456a356237484b79686e75715147515859307367525676572b2b635a3530462b332f415053384141414141414141412f48424b536e356e447a776d6c7638446b4932566c6176633077496742383772364e32386d514649624b766b4c4668386d487461414141414141414141506a51754c32342b457a7635612b302f4236414843764636687066375a345841446e673949306375494542794f672b49502b62753839324f53563138544d4441414141414141414943314f61656e676b564f6d3346726f417843392b2b50557175724c6e656e544f393154417941485976506d3161397636376c7478314a594254774175574a77336e565876767a2f52747854417741414141414141434164546e48782f6f635846787644447176384859416358315564632b72722f2b4365466743354d38555a6e502b5848637467466641415a485050384f504f777356766373384c414141414141414167485134706156664f3672414279424c7449724b523579612b6a653770775641446a6c444331362f7472336e7164473751417030414a4c4957626a34612b35704151414141414141414a434f6c587673736172514279446131757161792b5630734e592b4541374e642f534e62432f3041636a5a2f534d785a39464c6a70587a5552342f4c514141414141414141425339746370552b356d4146496475376d3637692f754b51455141733751676a2b4e626f5a6577414f51632f7048596866337a62334d576679615a766530414141414141414141456846724b696f38682f467862456a4759444569696f72575763664342466e7a6f4950624f7a6f666272513777445a3044333876396938665476633077494141414141414141674665644e6d664a4b7666756a3041636778316457502b75654567446855586c46312b424e6854774130665175454766682f69397a7a776b414141414141414341564a786558507a7451682b414c4b32736a713273714637696e68494149584a5433357a6c5a785834414f52634859444d322f393737696b4241414141414141416b49726c553659734b665142794a4c4b367068545866643239355141434a472f7458612f65334f684430414735735975364a397a756e744b4141414141414141414b52695a584878625472384b4e514279424c703849704b78366d594f7373394a5144437059773751455a6947337148726e62504277414141414141414941557a467853585078496f5139415471756f32464930397a5656376a6b4245444a7257727576323977356676685253414d513351686468794475365141414141414141414467716268342f324f4b6935386f39414749553176376666654d4141696878775a4866716b446a6b4965674f6847364849716d754e6e424141414141414141454253353553556650444934754c6e436e6b41636d526c70524f72726a3749505355415173675a5876684b4269416a73614b707a57397854776b4141414141414143415a4f34754c663342346537776f7841484948723378386b566c6639313670766e7571634551416a46527662715774665263382f454955676844554230436179726875622f7744306c4141414141414141414a4b357137683456574c34556167446b4d7571717a664a7157694d6e7845414964567751392f77326b4965674f676449412f4f32337535657a344141414141414141414a46463257556e4a786b4965674f672f4f7a583152376a6e413042343765454d4c2f6864495139417441666e3758325a657a344141414141414141414a4e46365a6b6e4a705563563841446b324d724b353532712b692b3535774e4169446c7a466e317162556476515139416270697a38455935466658784d77494141414141414144416445466c35634b6c55366263574d67446b4f5556465138565656652f3344306c41454c4d4764376e745a766165782f5151556568446b442b4d377a674e6a6b564866457a4167414141414141414d41556d7a4c6c31556357467a395179414f51645656567438697071496d6645514368566c506164325850304e57464f67445250554175374a7637304f2f36526735307a776741414141414141414169314e5338713744696f75664c655142794c624b36697664307745672f4b59384e627a77724d54776f7841484947663344542f704c4e7a762f653735414141414141414141474278696f732f666353593455656844554357534e7371716b3930547765414348446d4c46792b73624d77427944616c70376835357946697a2f6e6e6734414141414141414141467165303950746a68782b464e67425a4b7632706f754b7a37756b414541484f344b4a7672752f6f64517031414c4a646368612b355066753651414141414141414142674b4c3633704f53765935652f4b725142694e3442556c5132355658752b51415141556531397832307162336e7555496467476a4f6f706363345a344f41414141414141414149624b3834754c54793734415568525556583864414349694f46745858315046756f4152506342635262747630724f5132583864414141414141414141415972363675666c567838655a43486f446f722b375a41424164706564314454785730414f516859745879336d6f6a5a384f4141414141414141414f4d344e5456546c2b3235353857464f674452757a384f72366934336a306441434c6b347537423277703541484c64344d4a4c6939716175397a5441514141414141414147417370364b6935624469346e734b645143694736417672366734797a306441434c6b6f713742545a733743336341637658676773754c46697a6f635538484141414141414141674c4763696f725a6878555833316e49413544544b697157754b634451495263306a317762434550514d377647376e4e47586e5a51766430414141414141414141426a4c4b5333744f327a43384b4f5142694336424a5a545866307039335141694a4372656f612b586367446b43323977773837432f642f6d5873364141414141414141414977564b7930646d446a384b4c67425347586c68397a54415342436e6832613933346464685471414752727a3577485934763266616c374f674141414141414141434d705865414650494135415164674e54554c485a50423441496366726e76624a51427944615a766c335a2b48694e37716e4177414141414141414d4259546e48787977742b41464a6650383839485141694a4e62654e314449417841747475696c373352504277414141414141414943785969556c48356d3441587168444542302b48465565666d44546d31747433733641455249624e47694568312b4650494178466d302b4233753651414141414141414141776c72506e6e683871354148494d575556647a7431645a3375365141514955355054356b4f4f777036414c4c582f67653770774d4141414141414144415749552b41446d3672504c65574631646c3373364145534933674779707233376f5632474834553041466e306b6f2b3770774d414141414141414441574d36656533367755416367533653566c5655584f3832643039335441534261696c65336439315571414f5163335141736d442f6e376a6e4167414141414141414d42597478515866377551427944724b6971324641334d6d757165446744525572796d7665766d676836417a4e2f76702b36354141414141414141414444576d564f6d48485a3041513941316c5a5562475541416b5157413544352b7a4d41415141414141414141437a72706b7a354b774d5142694241524257766165322b6851454941414141414141416746307741474541416b54596c5055643364637941414541414141414141437743775967444543414b4c75795a2b6a6b7a517841414141414141414141457a45414951424342426865317a524e6243434151674141414141414143415854414159514143524e6c5650554f6e4d41414241414141414141417341734749417841674d6a614669732b6f36336e396c3247487778414141414141414141414441415951414352466a786d7661756d786d414141414141414141414e6a466d564f6d484d5941684145494546454d514269414141414141414141414c616e6934732f667851444541596751445178414a6d2f2b4766757551414141414141414141776c72506e6e6838733541484938764b4b7135794b71625063307745675771617362752b3671614148494173582f3841394677414141414141414144476376626338304f464f6741355154713672504c65574631646c33733641455249624e47696b74567458633856366742456378613935455075365141414141414141414177567145505149347071377a4c716176726445384867416878656e724b644e697861654c7751334d484868504c7577484958767366374a344f414141414141414141474d35652b37352f6b49656750796a6f744a7871687548334e4d4249454a6969785a563676436a6f4163676978612f777a30644141414141414141414d5a79696f76336e546a384b4a5142694b623767446a313958506430774567516d4b39512f4e313246476f413542744f674468446841414141414141414441357053573968587941455476416e47717177397754776541434845473568785171414d5133514439724e3668703577466977393054776341414141414141434173574b6c70514f465041415a76514f6b75766f5437756b41454346333949346373726d7a634163675733766d50425262744f394c33644d4241414141414141415943796e724b7a374c314f6d7644687848784237344447782f4269415046645438773333644143496b4375374233396330414f51336a6b504f4873743374383948514141414141414141444763696f715a6839575848786e6f5135416c6b716e565651643735344f414246795366664169595538414c6c30594e36317a6a347648584a504277414141414141414943786e504c79317238564639396279414f51343873714c335a5042344149756169722f79496464685471414f547177515758462b3237623639374f674141414141414141434d5531645876374b34654673684c3446315245586c4c65375a4142416846335950504b54446a304964674e77305a394746526556466265377041414141414141414144424233576e46785a734b6451427967715244455064634149694f756e4f374268347235414749733344783658496561754b6e4177414141414141414d42453556635746782f50414b536f4b583436414554456f69326466553856366742456378627566364b63682b4c34365141414141414141414177556646644a53562f4b2f674253476e704739337a4153414354753373662b656d3970376e436e6f41736d6a2f76376d6e4177414141414141414944464b53333932746a685236454e5148516a394a575631643978547765414348434746767838665566763650436a45416367572b57666e59574c662b61654467414141414141414141577036546b6b2f386f3441474933674679546c574e7271555049434b636b55577245734f5051687941624f6b5a6673355a7550687a37756b4141414141414141415948464b5377382b724c6a343662484c594e6b446a346e6c787742453231785a656131374f674345582f5744412f504f4c74514269473641666d3766794f504f77763365357034504141414141414141414a5a5957646b726a693475767265514279426e566c58644c7164696576794d414169317a76365253376f48723964425236454f514337736d2f76516e2f766d76736f3949774141414141414141424d4a5358444a30325a636d30684430424f724b68342f494b616d6a65375a77524169446d44693936366f62336e3855496467476a584469323857553546632f794d4141414141414141414e69645752744b53693471354148494d5a575654717936397476752b514151597337496f712b4d335143394541636774382f645735667432794e2b5267414141414141414144737a70372f4c696c5a6d78682b464f49415248752b7476355939337741434b39535a32546833335849556367446b50744839726e455052384141414141414141416b726d7674485235495139416c6b6a624b6d764f4b7971716d4f3265456741684644766767426b586450566655736744454e3044354a3635657833756e68494141414141414141417964785158507a566678515876316a494135446a7979767664577071396e645043594151636b59576a707a5233763143495139417a7057573977782b786a306c4141414141414141414a4c5a58464c796e694f4c6935387431414749646b786c5a537857562f644f393551414343466e634e34484e6e654f4833345532674245377741704b70767953766555414141414141414141504377384e6a69347638563867424537774a35754c72326a3349757073525043594377756253722f77514749434d784f52583138544d434141416d714a446d53572b545069783951667165394776702f306d2f6c48346766553136762f514b71552f6151344b74523371443941487073394b33705639496635462b4a656e352f4b72304b656d7455722b453854716c31306e364d616433386e354c2b726d6b3531412f4e6e386f3663666b7036573353384e5373595364577155447066644b2b72483254656c6e30702b6c33306948536c2b583950792b53394b76412b555341414441714f716c78635550462f6f415a456c3578622b6478735a6139357741434a6c545737736530774648495139417473697637756b41414b44513663584e3130743641666b7336565a4a2f353730307776533564494a3073656c46716b5139556f364e4470562b7266306e4753644c362f3066503548576935395643716b38396b6d48534b64496c30685053315a357969567270645753546f59365a594b78517a7049354a2b2f46776d2f552b797a6b3871335369746b62346f44556f41414b42516e54706c7974564846664141524475716f69726d314e5477696955676e475a763775794e625271744d4163673577364d78446232444637716e6738414141715276704a65582f6d39566249756467625a52644c6e70426f706e77314a4f6b533653724c4f5131447068577939473063766275656244756d6e6b6e36665a723374516156444b62337251543850386b327a39483370504d6c3632345071763949664a50323442774141685754356c436c48483133674135436c6c645778683670723964553141454c6d6a4d37657a7a4d4147596c6450546a334f506555414142514b50524f442f30656659746b5864444d64486f586843355670457442355a4f58534d736b3632334f644d644b2b7678527430413653724c65786b78336b7651614b657230425969366a4a556a5757396e4a6c73747655554341414346344c5139392f78436f643842737153794f7261736f6e716265306f41684d67747663506e6e6c5867417844642f384f5a76362b75617777415143485143364f2f6c79617a2f45335148535a56536c4532494a3068575739667474506877537770616d5a4c53795872626370324f676a5266577969527065652f72746b7655335a627132305541494141506e4d4b536b5a4c76514279416d5631614e4445446b6455662b6842736733375a643039643054483334553567446b62476c622f3579597339646966615568414144355450654c434d754655537664612b516455685470357476573235544c6e705230452f576f30475852776a53555336536267456646683652374a4f76747947572f6c514141514434376a41484961462b74716e713365306f416849417a50502b7a473971366e79766f41556a2f534778547a2f43447a6f4c463765357041514167482b6b65414d394c3173584a735055444b537030412b304c4a65767443457448536d453254646f67576363656c6e546a3957497072505459547061735977394c6d79523958774d41674878302b4a35372f6c7676417245484868504c337748496a6256314a37696e424541494f484d576e724370497a48384b4d77426943352f39612f42755263554858496f5035414241504c5250476d375a46325144484e48534748334b696d4d72376133576938315347477a534c7057736f34356246306768584754644e314435794c4a4f756177645930305877494141506e6d72436c546a6d51415568316256316c31765a794f6a76685a415a424c7a70774663382f74364c766872414966674f6764494d37436c2f772f4f535668666c55664141422b76462f536a63617443354652534464494436755053645978687a6d395346346a686358627061636b36316a44326e2b6c4e696b73447053694d6f524c394944454541514167487a6a6c4a52386e414649646579347971716e6e5072364437756e4255414f4f634d4c507269327653645736486541624a4669432f662f69487461414144494633744a4c3072574263676f70557433686331374a6574596f3541755178514772354f73343474432f3554436344664e50744c6a6b6e574d5965386d715573434141443577716d6f324f3976444542694a315256782b36707254314f546b6c352f4d7741794a48535277666e4862395a6878384650414452446443333967342f37437a59372f58756551454149462b634b6c6b5848714f5933696b51466c472b634a396f705a524c6575452b6a4a756470394e574b5a6430326176624a4f76596f744c6c557230454141447967564e61326e76736c436e584857304f5043615776774f514a565856736555566c64633574553336445275414848474768687058743359394d377238565945505150347a4e502f716f6c6d7a2b74315441774241507169547241754f6b2b6c47365878706c585359644b696b533067756c375a49543076576e7775696d36553970567a5475327143766e422f7461544c4b7631522b71483052556e766574462f312f30544d3356756333566e6a533648485053462b2b756b4a644b667042394a5835612b4b2f316530686666365162726a306e576e35314d2b6a374b6857704a687766574d666c4e373867345366717a394750704b394b337064394b783068727041636c3638394f4a6e322f4151434150464831372b4c693559552b414e45375148514934745132664e6f394c774279774f6d662f3755646433385538414245637862756437703757674141794265766b61794c6a656c3068615158513938684e557570614a632b4b756c467a614358332f714a6c477336414c4b4f4c64314f6c74346f70624d66683934313858564a4c3152626a2b6d6e6c30765a646f5a6b48557536725a623059374e525374554353532f793639444a656b772f7655334b74714d6c36316a5337537a7067394a304b56567a7045394b46307657592f704a48773841414f51447036546b7030655941342b4a35663841354c544b7976506330774967427a5a33394e3634342b365041683641624a486635797a5958312f5a426742415074456c6f36774c6a5637704b377a315665324c704d6e536936712f6c4a3652724f644b7432656c584f36373848504a4f7135302b71733055356f73765768396d575139527a72706b437562394b3443367a6a5353652f6f43474c7669494f6c625a4c31484f6c30707a525679685a39333176486b553536463965774e466c766b50544f454f7335306b6e76634f4a7562414141386f477a353537764f614b342b416e7675304479657743694853502f374a5457394c716e426b42324459306266685477414f5363766a6c50587a3933727a43744b773441514244654a316b58476e65584c71667a59536b544f7158544a4f7435303032584e637146796435526f2b6333453364622f4632796e692b647669566c673935395954312f717430693656307a516675315a4431664f756c5357396e514b6a3069576365515376706e33793046545438767265644c4a31337544514141354945357030795a63684d446b4f7259556d6c395266587633504d43494975654770782f374c6a6852774550514337746e2f75776e4a4a30627673484143414b394e5874316b5847695630693662416b472f5275454f7359306b6d58663871464379587265464a70725651725a596f754f57593962366f394a46564a6d615a4c566c6e506e307136394669626c436c2b373567616d2b35746b6d6d545766727150394a634b564e654c656e3331645a7a7039726545674141694c6f4c5330753332304f507365582f41455262586c58396c4a7953644e61394254425a4e5556396c335950334d49644950454e304b38646e50645039387741414a42505869395a4678675433534564496d586272795472654e4a4a39384c49706f394a316e476b306b6f7047335150426576355530303344732b6b4e3076573836625356716c597972525568346137367a41706b2f6154724f644e4a563371624a715561612b554a7250337a776f4a414142453364556c4a62382f306878366a4b307742694448566c5537546c3344563931544179414c6e4f4746337a697a7663635a4e2f776f304148494f644c4e5177742f344a34614141447979663653645946522b3456554975584b5a736b36726c544c396d626f4e3072576358696c6479316b387a7a7242756e5763615353766a437455736f55763366515843746c383037646a307657636152614a753843385873487a6633536f4a517475696d38645279706c7530424a774141434e79554b516379414e6e5a68545531322b57734e4d5a50446f434d71697071767235336150737577343843486f4463336a38793470346441414479535a4d3038634b6966742b7472794c50745235703472476c30775970573734705763666731574e53753552746573654a6454797039486b704579617a524e64434b64736d7336394b706f5a7a7576654a39587970705076585a4e74504a65745955756c7743514141524e31524a535576374472304746746844454357534d6456566a3368314e57784154475142633777334c656632643454323867415a4854357137586441302b367077594167487a304d306b764b4f726d305a2f562f784169523067544c33796d6d75347a6b433033534e5978654b584c5a75584373475164547970644a6d574333676c6a505a39584f6e7a4b6857627063636b364a71393061626c4d4f4532796e732b72333069357349656b2b2f5659782b545673784c4c5a414d414548564c53306f324a39384976584475414e484e3050395a56627536714b636e6b787344416844624f2f73753072302f47494445372f363459576a2b45766655414143517238726458384e47373843304c6e366d57717555615837336846677535644c504a65753455756c56557042654a6c6e50343555756b355a4c583547733430716c3930704236706573352f48714b696d585069425a7835564b583549414145435550565a53386c4547494473484945664a66336471612f643254772b414448414735793549335033424143522b4234677a62372f33753663484141426b33396d536466457a6c665443657161746c367a6e396d70664b5a6630685758364b6e7272324c773653677253385a4c315046377070756d35706e647a574d666d31526f70534c2b56724f66784b6c64334959326c6478565a782b62564a524941414967797037793839664469596d50776b61687742694336444e614a3076714b616c364a44575451763376374e6958752f696a304159674f50375a30447a2f6f7a463038787a3039414141672b3334675752632f552b6c445569627039776a57383371315367714476306e5738586c317078515561782b6156447048436f4e444a657634764870654b704f43386f686b50552b797270504334444f53645879703143594241494449616d6d7057465a53736e33336434455531674245307a7442354d7a77545136514155384d7a333364786f366546784c4444775967633249507a743137725a79617876675a416741414f62432f4e5047695a3670395473716b37306e57383370316f425147437954722b464970714933795079465a6a2b3956304574492b545662736f34766c64347142554876684c4565333675774c434656496a30715763666f31534553414143494d7165303950734d514d59505143366f72466e686e68344177536c2b6148426b3959614f6e63746646666f415a49763850326668596e33564b5141417942316471736d36384a6c4b33355979535a6667735a343357626e6563324769445a4a316e463739574171434c67566c50583679377058433541544a4f6b36762f693446515a636b73783766717759704c48346e5763666f31616b53414143494d716573374c57484678632f5a513942436d38416f703163556633496a32756d3533724e584343764f454e7a5833395757382b6a6d7869416a4b5a3366357a644e2f536f733269666f46365a427741412f4874527369352b6570584a467a4c3053745a7a657656314b55792b4b6c6e4836645846306d543548573770666864686f7676465763667031613153454f3658724d64506c753637456961766c717a6a394f70704351414152467a4c32704b53437869416a4b306d646b396434346c79626f726a70776a414a4a552f4f54523379636252345163446b4552336a797938584d344e79313842414a42374430725778552b764d726b456c673479724f6630716b4d4b6b376d53645a78654f564b704e426b666c4b7a48396970734c345a726c717a6a544b565761544a654b316d5036395662704c423553724b4f316175394a4141414547564f57646e766a32514173714f6c565457786f7971726e33507147742f756e6949416b2b414d6a62786a585875334f2f7867414b4a746b3577462b2f335650555541414343332f477a77724c31487968512f537a646449595752336f6c67486139584c35456d77382f5354666449595853525a423276563550396d66626e6b76573479644c6856626b554e6d64493176463639566b4a41414245325a576c7066393358456e4a497778414574574d446b484f71617a65355054306c4c6d6e43594250573971372f3350576a754548413542455251336c4c3356504551414179423364494e6d36364a6c4b2b7572345450467a563072596c6d354b4f464b796a7465724c30755438522f4a6574786b365834625966517a795470657233346c54635a57795872635a4732557775674c6b6e573858683072415143416943732f6f376a34466759674f776367326e47564e62465964665642376a6b43344d4d74765550763364672b64766a42414752302f342b654f58705241774141354e354d7962726f6d55715a5768706e524c4b657a367333536d483063636b3658712b575358343153645a6a657655784b597a306657736472316462704d6e7773327a556436557730733958363369392b72634541414369626b4e4a795739323351656b73416367656865492f4a6e48355054734554394c414e4c5564476c482f2b32624749434d47344363307a6353753335775073746641514151446e3733714e427170457a34704751396e316654704442614a466e483635586577654758376b466850615a587731495974556a5738586f316d5266643646346f316d4e366461415552704f353279754d53336f4241494130445237444147546341475330367072594933563150334c50455941304f494d4c2f374375725476474853446a42794262354c3835492f76704b7a734241454475665543794c6e68366c636e394e6f3652724f644d316a56535742564c75692b4564647a4a656b377936786553395a6a4a656b674b4d39326678447075722f527547442b2b4a466d50353157314646615853395978653858333767414135494f2f4652632f50503475454159674f67425a56564e7a72314e626d366e623234473835417a4d4f574237653838446f33642f4d41445a4d51445235613875375a74376d6250666668587571514941414c6d31584c49756548723144796c544c70537335307a5738564b592b62337733433335635a706b505636797772703352634a3679547075722f61582f446863736834765757486469442f684f4d6b366271386d75356b38414141496734744b536e34312f6934514269413641446c4275726175626f6d634969355941716d5a636d505877496f647777384749447347494f644973666e3766747339547741414950662b4a316b58504c3353665330793556484a6573356b6655384b4d393149326a7075723134762b5847645a44316573763469685a6c7561473464743163666b667734573749654c316b7270444437696d5164743166666b674141514e5446797371362f6c4a63374f79384334514269413541744f4d6b703637786f2b367041704345307a2f334332654e4858347741426c4e372f3759336a766e486d662b347233645577554141484c72445a4a3173544f567571524d614a5773352f50716e564b59365944474f6d36767669436c792b3965443336654b3576386269622f63386d502b795872385a4c6c39376d797865396d386b644a4141416738686f62613765556c4b7868414c4c7241475370446b4571612b347471713732753334715543696131725230507a72753767384749447675414845574c6c346c3536677166716f414145434f625a6573693531656e53466c796d736c367a6d396d6965463251636c363769392b7232554c7238623237394f43725058534e5a78653357696c4b37706b765659586e3149436a4f2f487874624a4141416b412b6373724c502f344d42794d3763415968326f6e52396266335237716b43734b73396e68366374337a6334494d4279493442794a616534656563426675462f5a574641414155436c3057794c72516d556f4853356e7952636c365471386170444137514c4b4f327976646f79566437354b73782f4a715541717a66736b3662712b3253756c36755751396c6c65766b4d4b7358724b4f323674724a4141416b412b63717171526b36644d2b572f384c68414749474d48494e6f4a3154585062716d70663474377567434d34517a4d2f3944363171356e4759434d4c7a4541755770672f6831796d6a72695a777341414f5451487449746b6e57683036766270557a367257513962374b656c634b7555374b4f335375395379646458354f73782f4b715551717a53736b366271393050355230665543794873757249536e734870477359302b572f686b41414a41764869347450657049426944784a67784139433651395655314e7a67314e6672714777417570326675677530645062666f73475044784f4748567541446b4c4f6c702b62767978316b4141434577334753645a457a6c5434765a644a4a6b7657387963723055435949785a4a31374635644c3658722f306e57597958724f536b4b37704f7334302f5759314b3676694e5a6a2b58564e436e7372704b73592f654b5a577742414d67583757566c727a796d704f51704269446a68782b61376757697631355856376538365056465a65347041777265592f306a52353356336a73362f4741414d6a3464674a7a545036772f4e5058457a785941414d6968503073544c32796d326d597030793651724f644f316a2b6c4b4e43375961336a5439622f704853644b6c6d506c61773770536a51393756312f463756534f6b34544c49654a316b7653464677706d5164763164384c7738415144355a4e6d584b6a55637a41444548494b4d626f6b7550316a65796c6a2f676367595876487464572f636a75766b354135447836643066573773487233565046514141794a3266536461467a56546253386f3050304f436456495558436c5a782b3956756866764c35577378306e575a564955624a5373342f65715630724847736c366e4754644a555842385a4a312f4636395441494141506e696e3376752b533464674e68446a37475646655141524a66434f6b722b763579717676675a412b414d4c337a54357261652b33595a666854344145547641496e4e3231733357675541414c6e524970306d546279676d55342f6c6a4a74696d513974316648536c47676d334662782b2f5654436b64393072573479527276525146797954722b4c3161494b58447a37447163696b4b2f69425a782b2f562f306b41414343506c507931754f5278652b677874724b434849426f7936707259366457312f7972714b6c79686e764f67494c33394d6865723937593376507757517841527473756e643837664c307a6433477a65346f414145423276553936534c4975614b61614c70755644564d6c362f6d392b7255554253736b362f69395376667542643350773371635a4f6c644156487756386b3666712f5376587442393557784869645a656e644b46487866736f376671336449414141676e397862567661725938796878396a4b436e5941737253365676356262657a32756e706448355839514143584d377a6737657662756838614e7751703041484956736d5a76392b6837716b424141445a38314870504d6d366b4a6c4f53365273365a6173592f4471613149552f454f796a742b722b564b71644b4e71367a47382b71305542586f6e6b6e5838587231655373666a6b7655347963726d3538706b664561796a74387237756747414344664f4d55562b2f7974704f537035454f51736f4965674353474945356a3438666330775a417849626d76334e39612b666a4f3459674254674169642f394d6563755a38372b69393354416741414d716461656f3330432b6b2b796271416d57375a766974676b575164683165666c364a41337a66573858763155696c56737958724d627a532f57476934497553646678657058503367742b6c324936556f7542646b6e5838586b586c38777741414b53682b4d48793873507477556569736f4966674a78595578733751763764715a76364b7665384152444f6e45577632644c5263382f6f454b5141427943614d322b2f35653770414141417962576d55492b306a3653765a6e2b7639446c4a6c77543670325264734a784d58354b7954582b657349374671304f6b4b5069365a42322f562b6e637654416b57592f6831512b6b4b5069415a42322f562b6e637664416f57592f6831642b6b4b4869315a42322f56392b5741414241766e45714b74353262476c706b7231417967702b414a4959676878545666313455583937683376714141686e594e4672527538454b634142794c6c395130392b5a336a525339785441514141624e2b516e7053734334363536466f703366305367764a3279546f6d727a34735259486670596630764b527166386c36444b2b2b4a555842327954722b4c3336724a53714c736c36444b2f2b4b455742337031744862395875767759414144495138586e6c4a5273736f636657686b44454b306d506751357036352b6b35797a75766970413642476c384e713733356f3578416b2f77636775767a565666337a4c6e4a504151414173506d393479455458534e395573716c4430725773586d6c64384e457753636b362f6939657265557174644b316d4e34395255704374346b57636676565470334e4d3256724d66774b69716238653874576366763153386c414143516a3761576c332f344b4850346f5a55784148454849496b687946323155342b543031595a503373416c47364d76716d6a2b2b464e425451416359595836672f6741414267393036537241754e326578435354644d44344f5053395978656e577746415736444a4e312f463770594368566667634575707861464f6879594e627865365633577156714c386c36444b392b4b6b57426271707648623958763563414145432b576c7063664c323947586f5a4135414a4135416c306c4d4e552f3873703232502b4e6b446f4a366676396572743762333348645752333450514d36574c757164633637375a674d41674e333772325264614d786b543075724a4231364e457468346e654a7144644c5566422b7954702b727a346d706372764d6d4b357676736e5651644b3176463739563070565836584559764b506972446b6e583858756e502b41414149462f464b697265655351446b444844443373416f69317a6879424f66574d754e6b34455173305a5876696d395730396a79534749506b3441446c4c2f72387a6439393031716f47414b425133536c5a46786f7a3351325333725774722f702f7156516a6859482b2f474164723165766b364c67585a4a312f463539576b7256657954724d627a366b4251464c356573342f667152314b715869465a6a2b48564e36556f364a4f73342f667163416b41414f51725233346f574670612b7139643777497059774179595143696434486f454752706466575454754f306446367442425345324d6969642b6f515a4a66685278344d5148547071327347353137717a4e74767476766d41674341336274467369343035714b56306a756c584e4a6c6971786a38306f76574565423337737a7669696c5367635a316d4e3470594f544b50423764386250705654353355666c793149552b4e336b2f57674a4141446b4d36656b354c32484d77415a6b7a76384d41596769534849636457317a7a714e545646354e5247514e586f6e794e62323374486c73504a70414c4b785a3868783575367279316341414142765630765768635a633972443064326d686c4733666b36786a387571565568546f556c3357385875567a6f5631767875745232556a656238626550394b537058666656536973704638713251647631643631786741414d68723164585474705355624759416b746f414a4434457164502f6472387a74666d74376c6b453448702b2f6e36765071756a352b484e655451417558563477635879706a584733304941414f4168444a75674a2b7350556a6158782f71325a42324856362b576f7344766866585053716e79753948364236516f384c74422b552b6b56506e646150337255685330534e62786533574542414141386c3273724f79516f30704c6e3255416b746f41354d536175746879365953716d6b656347533048754b6352674d735a5876443239653364442b3059676b5238414f4c4d337a656448394142414368306235437343343168366e347057332b2f663157796a734772714f7742346e634a4c4c32724931562b4e31722f73425146667066412b7236554b7238627258394c69674b2f5332443956514941414157672f4c5469346d7432376756537867444559774369365a30674b3270716237393778677a64744137414750453951626f6548783243524851416372594f514c71482f2b4f2b535141414948584c4a65746959396861495a564c6d66514679587075723353514641585a324b42633933477848734f72714f7a646d49304e796c386d57592f683158656c4b426951724f503353753849417741414261473039493363415a4c654143517842466c53566675774d3758354c65365a424f434b7a642f7231567337652b2f5a484e45427947624a47567a4167424d414148384f6b6e3651596f644b656948794b456d484568756c693652624a6575695a5a42644a67314a6d66497079587065723352766a536a497867626c757653773952686566564b4b676d7873554c36765a443247562f72354751567a4a6576347655706e48785541414242317936644d7553702b4630675a41354155427943614c6f636c762b642b5a397130644c364a42777143446b46473777547048442f384350734135477a702b7635356d2b564e4b496d2f4a514141494565614a4c3141724b393258795a644a316b584d69665449354c755a5a454a65686543395a786576554f4b417238626c4f765357616e7975367a613536516f794d592b4b67736c367a47382b716b55425834336b6b396e4878554141424231546c6e5a6758396e414c497a642f6a684e5144526c745857785936727158334b615a77576c6475736761794a6a63782f352f714f376f636d446b48434f674452757a2b323967342b35737a644f314d5851674141774f546f6b6b47485334394b316b564e503730673661766b67365962635676503539564870536a51692f44573858756c5136315536596277316d4e343952307043673657724f50334b70316c784f5a49316d4e3439662b6b4b48694a5a42322f562b6b734977594141504a417861576c5a5365504733347741456c7041484a6962587749636d4a317a52504f74476e70624f67484641526e7a734b336e64585a3835414f4f7149774148486d37334f7948485a782f4f6742414542493753473956377045736935757074742f4a62336a4a45682b4e776e2f6b6851466567485a4f6e367630686b322b64306b2f42645346506864526b7958426b7556333033436a354769774f387959727045485141414b43524f65666e693430744b376a325741556a614178427475625255656d4a7138312f6b6445364a6e31554136766b4665782b34746250767673536449474563674f6a7734344b2b3458754c706b31623542343241414349427430503454484a7573695a5475756c49506d394d5074394b517030695354722b4c33716c314c6c64332b48763070526f457431576366763151465371706f6c367a473857696c4667642b37614e3474415143414172506e7a61586c68343162426f734253437a5641596a6542624b73746a363252484b6d6a51354236754f6e4659427935697838342f714f336b643043424c47416368327666746a336a352f63673858414142456931376b2f62746b5865684d7035394a5166463739384a7670436a5137357573342f64716870517176336376484339467762636c362f69396d69656c716c4b7948734f726a564955664553796a742b7231306b41414b4141745a3951557672676a72744147494445306832414a4c71736f58464e55554e586d3374654151686e615034377a4347494f2f4359574c59474948723378786e7948484b497066456a425141414566563561654b467a6e523658706f70426348763351753678306b554843565a782b3956755a5171763363766e4335467763386c362f69393670445338614a6b505536794c704b69344175536466786537536342414942436448357036526535413254794135446c306b6b313954633444553336796938414c7230545a4674483337336a6869426475523241624e4737502b62753954483345414541514c54353358773855564233685071396532474646415736623570312f4d6c36556b7148333773587a7057695144636174343766717a6f7048583657694c7442696f4c76537462786535584f556d7741414344664c437374753372304c6841474944472f417844744a4f6e496d72726e6e5071702b6b4d592b3449414c6d664233676475366578356145744942694133444d37625648544b746d72333841414151505470456b6a57526339553635456d792b2f644331756b4b4e6773576365667247756c64506d35652b452f556851736c617a6a5439596a557272756b717a4853745a445568543854724b4f337973647267454167454c6c6c46613839652b6c705338637977416b4e706b42694b5a336769797471582f3236576e4e7679317162326466454d446c7a466e34746f3064376844454858684d4c4e4d446b4733533970374252357a6876642f6b48685941414d67666676656f30494b3643305358314c496550316c585346487762386b362f6d52746b744a316832513956724c756c614c417a7844704b696c642f355373782f4a7144796e732f41795237706341414543424b377570745053346f786d4178435937414e4647687944537876714772584a75612b4b6e4749417a744f67644739703648397669446a79795051445a496a6c7a397a335250527741414a422f62704b7343364265425857423948624a6576786b365a2b4a6767636b362f695464625355726b736b36374753395a7755425836475347756c644b3257724d667961706f55646e364753446f514167414142612b306447424657646c314445416d5077424a744c7975506e61632f4f6f304e7231647a6e42782f4551446863305a575844673971372b753630685343594849487233787a2f373575677243726b7a437743412f50565279626f416d6b70423343477147306c626a353073527772374b2b394c4a4f7659766671526c433764304e78364c4b2b433273772b6b78365572474e5031742b6c645031447368374c7177565332506b5a4970306d41514141794863476c5a57484d41414a62674379724b342b646c4a64513278705866324c643078742f6b75736f61484e5064574179656b5a376e6236683934692f3167612f792f3579566d772b4d414e3758323733416d5379514849357536685747786b33342b346877414141504c58395a4a314564537258306d547052646172636632716c4d4b7331624a4f6d36765069616c53792f3457342f6c315749707a50774f6b585454373351644b6c6d5035645862704c447a4d3054367377514141424333717254306e4f4d59674c684e474837344749417372327359485949736b58382b72364878697475626d6c376e6e6d7067484b646e3770762f3164357a315a705a6263383650634e666476397a336e4a474672316a5932667651324f48494a6b6167477a764859373974332b6533693450414144793339636c36794b6f562b644a6b2f5533795870737231347068646b724a4f753476647066537463504a65757876487176464761446b6e586358756c7141756b36524c4965793675765347485749466e483764566e4a5141416744696e7047544f3330704c6e343976694d34414a49674253434964684a7855552f66453359334e7635465458526b2f343042526a644d373532396e7a757034656c314c5230773755334a3642372f6f2f762b38465a7533364b4174586230503663416a55774d51586670715533662f7738373876665a326e785941414f53332b5a4a31456453724950594238547438306157377775787a6b6e5863586a564b366671675a44325756392b52777577646b6e586358756e674a4632766b617a483875722f5357483255736b3662712f43506d41454141445a35705358662b4e494269413768783442445541536e537974716d753477576c716572326337696e7873343443564f4c304462312b35617a572b396133644d5457546b6a2f6d394d3939486e3566574666453370536e4c305848376974712b396576524d6b45774d512b584d764f6e50332f6f4c37644141416f44446f4d4d4f36454f725656476b793369705a6a2b76564c3655774f3079796a6a745a64306c2b3743645a6a2b665673564b592b566d573667584a7a383843485a4c31654636746b384c7355354a313346374e6b41414141485a797171716174355357626d63414d6d483445644141524e4f375159367072582f52615a722b78364c32647630474651584536522f70643371482f6e626137506252516366453463664f32703933656f623056765338487051353878653959564e6e37384e624d7a41417557316f2f675a35697272344d77454167414b785462497568486f313262303468695472636231614934585a325a4a31334d6e79752f796f44714773782f507155696e4d547047733430365762766a7431394f53395a6a4a756c304b4d39334c777a72755a44306741514141374d6f704b3376564357586c2f324d414d71474142694361446b4757535763315450325030395430476666554938383550514e667671436c36356256733974476c37757942782f78395039766d4e58786a4e4d314a2b2b5877334c6d376e587757654f47494a4d62674779544e6e623250652f734d31387652414141674d4a796a47526444505671514a6f4d7678746433794b466d5a2b4e702f38692b65586e446836393442396d2f35477334303657446b3338756b717948744f72796434466c556c624a4f75596b3658444f774141414e765a35655866324758347751416b734146496f705071473064625656392f73645059754939372b704666396e42364267375950727639686a577a32324e727054503131776b44443674314c5a3278646132644d61642f2b457675592b55745a3836694e357939597a6b732f774d5176664e4466333168376c3636446a63414143673866705a73306959374146453353745a6a6531557668644538795470657279617a4b666e356b765759586758782f737545365a4a317646353957664a726c575139706c6348534748316a47516463374a2b4a514541414f7a657161586c467837484147526e475279416e43497471572b49336445302f55686e2b765239335863424973377048587a35585a31397931664f616e4d53673439453173426a596f6b42794f6751704764456879443576527a57336f7350334e4c5a2b39445753517841744e754835713256683876722f564d41414d42752b566b71523275544a6d75465a44323256322b55776b6a3355724f4f3136743279612b2f53745a6a657655784b597a654a566e483639566b66696238766d5139706c646833557a2b355a4a317646363952514941414e693957456e6c2f424e4c537538594e77526841424c4c7841426b3743446b314c72364f3533704d33395856444f3133333158494771614f3065636e7548667235375a3975413648585a4d4748373447594273614f6c3478756b6233524d6b72792f73782b62736339436d7a723664513544753141636765766648762f714862334a47466f36344477634141417250795a4a314d64537261644a6b66564f7948747572333068683547656763374d3047522b53724d6631366e67706a4851354d4f74346b2f57554e426d766b367a48395572337a77736a76774f644944366e41514241766e4d71716a2f376a394c793249346843414f5157435948494e724a306a4c707a4c717074392f613150516e655466557874386269494471327a70366a6a783764736539593565377372494748684d624f77425a502f7072782f4e4f3339446e334f664b5738376366512f65324e372f324f6751704476314163696d376f45586e586e37664e353947414141554a6a38626f4a654b5533574b795472736232365741716a65795872654a4e316f6a515a67354c31754637644b6f58526c5a4a31764d6e7975346c38516f4e6b506135585964314c5a5a4e6b48572b7972705941414142533832423535563933374166434143535736514849324851596f6b746a586448592f47746e2b76524f6558667347582b76494554326a4c583344647a593376586e4d3261334a5231366a4d3061654578733741416b3051624a36536d41505545574c6e37564f56324464323374546d30416f687566507a3133377a2b36667877414142537561795472676d6979377043435543565a6a35394b4d3651776559316b486164586e35416d3679484a656d7976644d2b534d4a6b72576366703166656b79664b7a3862716d372f63773063384c367a693930715877414141415574613071717a7338754d5a67475239414a4c6f6c5071702b75763973526d7a6675564d6e2f354b392f324333437032756f663364376f482f6e54366a4e6d50724a3364466c736a57634d4f4b3276674d544672414b4b746c5a792b4556304f717a682b4b506e4a6d627634565273372b682f54495569794163673236654c65495631756751456841414346725678794a4f7543614c4b32536b4735544c4b657736765053474679724751647031637a70636c614a316d503764576855706a3857724b4f30367635306d5435666638644a6f584a567958724f4c33535a63414141414253353554584c50357261646b4c787a45416965566941484a792f645434454b5268616d7846512b50397a30796664667a4e54544e66363735376b47564f5a2f2f425433514e6e4c782b5a7474645a38357169326b362f4d6a5741455462304e7235744e4d7a2f4758336b504b5773324466677a64313954316b443045475931756c445233396a7a6c7a396a72412f534d41414b4277765657794c6f5a36395138704b442b58724f667761714d55466e6f6e79334f53645a7a4a4f6b634b7768636c362f4739756b494b4537327a7944724f5a463076426548646b7658345874306a68596d6667654b6a4567414151507163696f7176484d6b414a4a61724163686f44564e6a7030673643466c5a332f6a55756f62472f2f366e73656d643875365a456e387649594d716c73317365653835737a70754f6e4e47797a4f7245344f5052466b656747696a64344c306a4f5439636c697865667363744c577a2f38474a5178416466717a76476f6735772f766b2f5341494141436b52462b39626c30513965706a556c42654b6c6e506b556f6455686763496c6e4835395733704344305374626a7039492b556867634a466e48353955667043446f50704c57343666536d3651775743785a782b66565a5065684151414142617a6b7073724b76782f4441475458676366454d6a6741475a734f51375154617573667636647035682b63615330766c2f6554626e7148494651584e546e642f667666314e72316a35557a577035634f33486f4d62596344454457745862464e6b684f37787a642b4475766c33397946722f735665643039392b37626477515a44446d6a4f775474747630415142413774776f57526445766571546775526e383344744a31495936416253317646354e53774678632f6d3464726855686a6f736d725738586e314b696b6f666a5950313036567775426b79546f2b72393472415141412b4c5076394f6b647035575658634941784268366a43314c413542454f67525a30544174646f4c386e6973625a357a707a4a373948576457322f377575773170636a70375878627248507a52465332646d31664f62496d644f6174314e4850776b536848417842746657766e38303766484630664e362f7642484a473976322f733772364874596869485a6c3338674638702f7234763858414141557543394931735651722b3655676e61635a44325856304674786a345a756f6d35645778656e536b4679652f2b4763394b657664444c766c64697530534b55682b39382f5165715263386e76337836305341414441354469566c66502b5556626d364b434441636875797649414a4e363032436d53446b4b574e30364c725a3761644f642f703838363735394e545a2b56643976732b487350536251393139583337627336657264756d746c36392b6b7a576d4e725a72624756732b4b74796245417843394332526a532b637a546e2f2b4c34666c7a4e3333344c4f362b68383974614d33356978594d4e66397a7741416f4c42565350644a31675652722f346f42553033594c61654b3558306f6e55755853645a782b57564c766b554a4e3049334871655650716c6c4575364634703158463770306d4e426d69565a7a354e4b52307135744571796a73757237307341414143543531525576506b59642f4442414d516f68774f513052716e78565a492b75764a38562b646c5933546272757163655a336e4f615745576636644e3359734a4433445a6b5347787171646a6f36356c3032752f306e61366650766e50317a42626e44423134534b4f446a30515247494373313972694f514d4673444836334c336635417776664b583772774141494667666c54346f6c59332b577a5434335868637939536545662b52724f667a36696b70567939652b6f466b485a4e584f6a544a68473253395879704e452f4b425833786d585538586a30735a654c6e4d372f4c53476d766c6e4c4237776275326b774a4141416747506458566e372f71504b4b463358677751426b516945596745787352574e54624b5730584672574d4f33576d35746d4865584d616e6d504d37746a33364c476976792f513653726f553333383341362b6a3534543276584561664d6d486e33616271386c625247576a33616d4d464831415967593463672f634e364a77676234774d416748534e4853546f48525652754c76304d394c59433644703945387055335244634f733555326d706c4731766c71786a53615776534a6d67777a6a722b564a706e5a52747567537864537970394173704539346f57632b585368644c65306a5a314338394c6c6e483431577537316f4241414235357a585471793672714678324e414f5158517668414f5355787159643653426b355654355a363168366e3058545a742b726a4f373957686e5674766e4c6d74754f314465757a5069372b5249613332696f2f7431546d66335635327533694d766d64567834616e4e7378343662555a4c624c5732592b677874676e446a34674f51456158777871597138736e5a5073484667414145473236667637456934725853782b54777568393073546a54616350534a6d69723053336e6a50567669746c5335766b64776d786136564d30526630364a305231764f6d30752b6c624e4537374b2b52724f50773667477057736f552f5279326e6a655664442b6262447058736f346a6c546f6c41414341674e57313136386f723768703350434441556a6f427942364e38694b71664630454b4c70507939766248722b6a4b6c4e443236624f75506d7135746e58335a68383478666637322b385550796e6c3451663465483273427854544d2b632b5873396a2f66304e703534546d7a576d35644e3333577736644f6e2f586947544e6d7834636530686d4a386e67417369482b3677764f774a7a50752b6347414144415334316b5856524d644c576b643175457863636c367a685437556f703033346a57632b6461682b524d71314c756b79796e6a2b56644c6d30545071475a443176716d587137705378706b70624a4f763555796e54783667665239627a7074705070457a54595a666666542b30544e3142417741414d4b7279754e4b794234356e414c4b7a43413141787465386f3558534b6d31617642585330716e54486a74353674547a4e6b31725073365a32665a355a31627257357957726a6d78747259755a315a337139505631567a55336c3566314e56514a7838584a564b7832353653462f3039696439664a6a2b4b3152584e6d3165766a2b6c306437664732767337354a2f6e79504f397a576e722f7672354d31734f58396b38632f754b35706d506e544639646d78484d326248546e64624c656d2f7878737a2f4d6a7a415569696a5a4c544e792f763977514241414342614a477343347354753066366b64516a35594a654b4e576c6271786a5336635053356e5749506c647a6964524a6f636775762f4a625a4c31764b6d6b6d33316e77303253396679706c736b4251352b6b777a547265564d706b3366516a4857525a44312f716d5679434e49736e53315a7a35744b44306f3677415541414d676370367a736c6165556c64323959776a43414d516365457a4d476e5a5935576f414d7471306e656b67354e54527073732f78394e2f58747259394e784a6a633133725732612f71397a6d6d5a73756d6a367250585074335165357252302f6a2b6e74665050306d2f6c6e7a2f6e74485a39616b6364576d2b38747434764f7532647635482f4c722b332b2f383931647031784b557a573961644e36506c724c584e4d36355930547a6a7275564e4d35343462667173324f6e5347644a714e7831366e443432642f69683752782b464f5941524676583168317a426b6230687a34644c414541414f7a4f6f47526458457a5757756d3955726232486a7459756b71796a695764547047793554755364517a7039416370614a2b516e704373353075316c306a5a6f4d647150583836485358704d6c5642656f39307032513958367139526371477430725738366554627167653943626a62354c2b4c566e506c327136567777414145446d4f5a5756487a75367650795a305345494178427a3444457861396868465a5942794d366d37796778424e6c525536495a795776575a75376f4e4f6e3058596f5050424c7041435178424e6e5a6d4f45484178436a37746a473175366e6e62353532626a3948774141524a6566415569697036546c6b6735446772374958432f704d6b6954326364676245394b375649325457614a71555258534548634466493636587a4a656f35303076336d736d6d6a5a4231484f756d644a4a2b544a6b7348503045635437615862547052736f346a6e58532f457631384c4a556d593534306d5357764576314441674141794a36377171712b6646523568584d384178427a344445786139686846665942794c69614573305956796f446b46326246633864664441416d56687141784274394534516869414141474433556c30437936735870573253337257676d347750532b6e517056542f5439496c647a5a4c7a307657382f6a746e564b323651567a36316a387045736d2f5659365545723149765172704a394c4630765759365a624e752b67536569586e70577334306d333236552f53322b514b71565537432f39554a724d4a74316a307a3144736d3261644a646b48552b3636624a544f6e7734534b7156557247583947314a50362b747830773358586f736c61575741514141676e56545a6555666a36716f694f3063676a414132563357734d4f4b41516744454c7655427944614a683243394d2f39676e7961386f4d43414143775043645a46786f6e6d793631644b503054306b766671365564422b506f3656544a523259364d564d765442742f666d67306f7576756649397954716d79616162303938694853377059455133586c38696e535870306b4b5433594e6b59726f456d5737366e5175666b71786a6d6d7736564e4c6c6e6653432f752b6c58306e48533371586837363965746544396566387073746d366434687561444c79466e484e4e6c756b50534f6a694d6b4858377133533348534f756c793656374a6576502b5533764f74745841674141794931627171722b635652354f514d516a367868687855444541596764756b4e5144614d31765738307a64586c797a49316c7264414141674f6f4a5971696d73365841673133535a4d4f76596f704a65784e616c306e4c7062354a316246464a68347a5a326a746c6433346d576363577064347341514141354d366852555831463565586e336b734135436b57634d4f4b7759674445447330682b41624a5132745859393477794f664d6e396441554141456a51563739624678756a5868694748776d624a4f73597735346a4853434677556d5364597852364731534742776d57636358685434754151414168454c7450797372567839627751426b64316e44446973474941784137507a634165494f5174713759383741434875434141434173655a4b316758484b5063444b5578306a354f6f33576e7a734b54375a59534a4c76466c485774593037317833697546695337375a5231726d50753042414141454370544c69367657716444454850776b6169534155697947494177414c487a5077445a3042375047526a35736e3665786a396441514141696a346b575263656f395a446b6d37514845593642446c64736f3437624f6e2b44656c755a4a3874756b2b486463786836325a4a4e3145504939304d336a726d734b564475502b544141414151716e35394c4c797930367742682b4a4b686d414a49734243414d5175386b5051446131646a2f6a444333515055483269482b36416741416a46367333534a5a46794b6a30444b7058516f37336244634f7636777042765556306c686c716e4e35594e4b3731535a4c59585a35795872324d505352644b514241414145463678797372355a315255584c76624955676c4135426b4d514268414749332b5147494c6f57316f62336e4261642f37686663543163414149434564306c6e53395a46795442327666524f4b5572654c64306b57573950727270482b72415546626f38317857533962626b7169656b7a306c5238584c70504d6c3657334c5a7479554141494449614e6c635758574a4f5153705a4143534c415967444544734a6a3841696463543239546547334d473572456e43414141734c786143764e2b41662b5350694a46566245556c727442447064306961346f30763165724c63703235306f74556852704438505043315a623163324f304d616c41414141434a6e746e6b6e534355446b4751784147454159686663414552624c7a6b44633355354c50306848414141594b4a36365650535a736d36614a6e7439454c7a6d3652386f5874742f454636584c4c65336b7a3150306b484d4231533148564a503566756c6179334e5650704a75642f6b664a687161615a3076656c577954726263316b5230743753514141414e486c5646624f4f374f382f4d70785135424b4269444a59674443414d51753241484952756d737470366e33534549414142414d7257534c6a64316c48536a5a46334d444c6f484a623054355a4f53446d5079565a6e3057576d545a4a324849484b6b745a4c752f31417035614f50536d756b5a7958724841535244674f2f4a6b32543870457530625a4b79755251376c7a7075314b62424141416b422f2b55312f66666d3546785a626a4749436b46414d5142694232775135417445337572777842414142416d6d5a4a6235642b4c656d462b78756b46795472676d637150536e703573644853487152586a646d4c305156306c736b76627467753353665a4a307672323654644550757736534470587764656c696d534b2b5866692f7035763533536459353875704f615a7630442b6c39556f4e55534634702f554c614b4f6e486b33574f764e493763383652394534504856444e6b41414141504c576c4d73727130346648594a554d67424a46674d514269423277513941394336513054744264452b512f6757364d66716538553958414141415833525a4a6231772b6a6270413949686b75347a3844337047354a2b76364633644f6a2f6536303052327155734874367438464c706351353157584a394d5572756d7a52467958644430574855627033797a79706b49596471644c6878574c70494f6e3955754c6a55732f686c7953394f4b2b446f74644969365161436550704f646c626571756b4179483950503679704a2f622b757648704864492b6e6d396a31526f41794d4141494252565a64555661302f7a6831304d41437859774443414d517563774f51654633504f30507a395a5a2b66645563414141414141414141434164546c5656387a58563153636358566b354f757867414c4a7244454159674e686c64674369793247643164373172444d776f712f674167414141414141414144346357747439522b504e6f636647674d514269414d51485974303365415342303973553053653449414141414141414141774354635631333772574d724b70395a7767426b58417841474944595a5763416b73675a574b68336772416346674141414141414141443434565458666e5a706563584434346367444541596744414132625873446b444f6175743778686c61714875433742482f624155414141414141414141704d577071486e7a6b73717864344977414745417767426b31374937414e6e553053752f3972376744433334677675704367414141414141414144776f58786c5a64557478315657785a5977414745414d69594749496d794f77445a47422b41784d36536e4348324241454141414141414141412f79714c5a6c7859565858714d5a56567a756751784231384d4143786d73594168414749556641446b45544f304149646768544850316b42414141414141414141476b35725831652f66585674583834766a492b364741417372756d4d51426841474b556d5147494c6f653175613333475764343464666c303551684341414141414141414144343955686c3353655030755777334f45484135434a54574d41776744454b484d444546304b363479323769646a2f664d3633453954414141414141414141494166546e58315330367672763733385178416a4b5978414745415970533541636956586630584f58506d374f562b6567494141414141414141414a734f706265712b744c706d4f514f516955316a414d494178436a594159674f5074624a66336547466877766e34367a34352b56414141414141414141494367564d6671366e35306247563162436b44454c647044454159674267464e77445234636470386d65646f666d487975646752667854455141414141414141414151754668643361745071717136685147494e6f304243414d516f386b50514461354135424c756761756455595776737a3939414d4141414141414141415a46525a586565646458584c6a716d736953316c414d49417842312b4d41424a4e4c6b426941342f7a6d7a766676474a775a465638746b324e66354a4277414141414141414144494771653238596448563159394d546f4563516366444544477867434541636959556869416e4b563139447a73444d332f6d6e794b6c63592f3077414141414141414141415765645531372f736a497161713358517751426b596778414749434d79574d41636c5a37622b79636a75357259774d6a693978504c7741414141414141414241726c3165572f753770645531547a4d41475273444541596759306f79414e6e6133763345725433447633412f6e514141414141414141414159654c55315232387061723277754f716132496e4d6743524749417741426e5468414749446a3757532f2f7447646a69444d782f6a66747042414141414141414141414949366578636662646466572f4f71617165737751684145494178414749474d48494a766165324b6e797039332b686438547a35746d754f6650514141414141414141434130484f7171313932516c583162546f454f5a454243414d514269436a67342b4e3767446b6773362b4b357a656b5a65376e79344141414141414141416749677063656f61667271697576617548554d51642f6a4241435152413542434759446f38474e37522f66647a754338622b6a6e527678544241414141414141414141515751394f6e3737506c64563136342b746a6738374749434d6a514649766739414e6b6c6e794f3939596e426b6457786f376b76645477734141414141414141415146356f4b4b707a47715a39636d6c317a54336a4278384d5142694154436950426941362f4e6a59306e5772307a2f7950766b737149352f4d6741414141414141414141386c484e6564563166316c57552f76632b4c74414a67772f4749424d694148494c6f5630414b4a33666179547a6d72746576614f6e73486679386338793130424141414141414141514b4677476876332b3364392f636f5471327565587359415a44514749473452486f42736c4e6132646a33785a502f635a5964324c706a726672674441414141414141414141704d6d644d7737563062616d7250586c4a544631764741495142534551484942756b31664c2f722b72734f39735a6d50736d2b6467756a6e2b4941774141414141414141414b3138446555353336786938635731587a3248494749474f47486d4e6a414c4a4c49526d413650426a545776482f553776794365764f656a41716535484e51414141414141414141414f313161302f6a4630327672377a2b684a6a373459414353694148494c755677414c4a424f6c502b2f627a326e767475376830347850337742514141414141414141416769644c532f7563626d333937656d336466356657317357574d774352474944735567344749496b375079357137376e61365a7637552f6c6f6259742f3041494141414141414141416b434b6e63636151307a6a74423864555654392b556d313962506e456f6366594749434d47333477414e6b31612b4178735751446b413353367062322b35324275542b342f594458397267667067414141414141414141412b4f4d304e4c5465554e2f343632585674592b6277772b4e41636934345163446b46327a4268345473775967612f58586c73366e6e2b6f642f7037544e6a44542f6241454141414141414141414341774a5463334e4831395731334464536655316a766a3767686841444a752b4d45415a4e65736763664545674f5139644b616c6f345872757273752f794a337548767938646538663976373035696f366f444f493550444b68526d4a6d337a46766e7a556237576b727849426549634a414c59596b484579346d42674e637845534e42364d584d6546414f436948796b6b53444671672b384a30595a4e4655575178494d6f714b6b594f7145415238574c364839392f3367774d375353474b4e43573779663535535644535472762f572f665443633867674141414141414141414133444e5032454933587a30553177593352325834494941515150353931594a48356671444453617a686137672b6d4f75666c44344d3163476838304d7a78774141414141414141414150644c4e4b6f4b335671304d7862722f7967614b3752554352346a5679313256427342354f454b49415042756f4f664f5a3378743472617873584236644c4351775941414141414141414177414f304e6d626b39736256645233522b4d336d6d444a636a42306a34676342524934414969632f375347767765764465377a4d72386454307a59457830674e54784d41414141414141414141474f504b517a3739652f692b6f3674556557716a43435649615261374b673241736a4544434179664f53444266392f3646704e51372f775a3777636e4a6c3465485141414141414141414141426a37706f6845596f4851725856744d6558374c54476c2b4365797173574f61694f41544b77413068394d4270436462755a62345465754566374d6863455a655451384b67414141414141414141416a454e43307879684a425a38484973666259347268645a69344b676550736f6a67497a2f414e4958544961507a75426e64396a65586c457a59346c6f624f524c7a514541414141414141414145394c6a36325071386b4f717572387a726c35704c73614f3055474541444c2b416f674d486e4c6477622f74546d5a2b50356e4b37582f524d4634496e766b6a34614d484141414141414141414f42686b46446d4373745a6656597a4274716a367355747052415354694f4156477973427042384d506b7044786b3942747a557a35657a64666c4354634e6245634f5a5533724b41414141414141414141413874474c437470385768723379674b4c33624a7171444c584674594a6361395877555a354f41486c41416152507a6b30563269336e36726c305459756f625668576d445a7a6c6e795734534d464141414141414141414143564868657147685761386478675847747069326e585a657a59566f6f654d6f6a636a69493641655165423543386b79704f526f2f65306e5841396f62324f656d4e496a64396b57686f55494e6e7870655a41774141414141414141427731795a506e6e56654d392b396f4a6b44653558456d6130783559594d496a4a38744a564741416e335877504964726c532f4f674a582f766a4b793933356b71324c6e3835572f74325a464a6b64756d704141414141414141414143412f38316a6b567a426370634b3231317a506d463139697261696333797a3257702b713052514f34756742536a52326c746c6a7538322f474f442b567157305775666e5768706d3570634e657a346330484141414141414141414144335130796b2f4b797776586e43636c5a397152756250346b725a387368704c30555067676764776151376348797861745836417865377a43545a30393575593069573764633550786e68502b5544423554776c734d41414141414141414141444742474761542f366b6d664e3361346b333936684737344357754e4b6e475663374665336d4e6b306662716b49494c65697877514949444a3639465a4d526f38754f6450394f32386d622b36796b39634f324b6e7a42357a556a6f4f7539357077306e506b765372644e67414141414141414141414d41367045553262663933783368424f367630626271723374474876323655627037705534314b7a6f763156446941642b75694e6c51445355357837783872786f384e307276645a7a7157446475716263386e4d35794c6a7434747333666f2f732f364b344c302f57377748414141414141414141414267776f74464c4b7442324e6c35776b302f4c354c7056634a4a725261753133544573504f374538622b6256726934685a4e2b3631567678302f4f6b76724b6939526e6e5848756b664f734565745a39544b6b61507945782b3331325a597677545843352b61376d636e335853505350744e4975652f49374c31723468737a524b52725a30586358512f654739362b4259424141414141414141414142436b794a615a47706b376d4a46654a346a484d635454745958366652305961555843737462566a43396c303659376e7448445075446f346254644d6830507578536a575064756e6d34764a365253386a5a7057766c374d4f39686e587743387664394c586c4e52327a7651302f4a444e7252544b37516e695a5a534b64577968793032734c616239654a4774646b61713349374e6e7930397a794f2f706d4654386a51454141414141414141415931416b3867394731517735747556672f4141414141424a52553545726b4a6767673d3d, 0x646174613a696d6167652f782d69636f6e3b6261736536342c52306c474f446c68454141514150634141414141414141414d7741415a6741416d5141417a4141412f774172414141724d7741725a6741726d5141727a4141722f774256414142564d7742565a6742566d5142567a4142562f774341414143414d7743415a6743416d5143417a4143412f774371414143714d7743715a6743716d5143717a4143712f774456414144564d7744565a6744566d5144567a4144562f77442f4141442f4d77442f5a67442f6d51442f7a41442f2f7a4d4141444d414d7a4d415a6a4d416d544d417a444d412f7a4d7241444d724d7a4d725a6a4d726d544d727a444d722f7a4e5641444e564d7a4e565a6a4e566d544e567a444e562f7a4f4141444f414d7a4f415a6a4f416d544f417a444f412f7a4f7141444f714d7a4f715a6a4f716d544f717a444f712f7a5056414450564d7a50565a6a50566d5450567a4450562f7a502f4144502f4d7a502f5a6a502f6d54502f7a44502f2f325941414759414d3259415a6d59416d5759417a4759412f325972414759724d3259725a6d59726d5759727a4759722f325a5641475a564d325a565a6d5a566d575a567a475a562f326141414761414d3261415a6d61416d5761417a4761412f326171414761714d3261715a6d61716d5761717a4761712f326256414762564d3262565a6d62566d5762567a4762562f32622f4147622f4d32622f5a6d622f6d57622f7a47622f2f356b41414a6b414d356b415a706b416d5a6b417a4a6b412f356b72414a6b724d356b725a706b726d5a6b727a4a6b722f356c56414a6c564d356c565a706c566d5a6c567a4a6c562f356d41414a6d414d356d415a706d416d5a6d417a4a6d412f356d71414a6d714d356d715a706d716d5a6d717a4a6d712f356e56414a6e564d356e565a706e566d5a6e567a4a6e562f356e2f414a6e2f4d356e2f5a706e2f6d5a6e2f7a4a6e2f2f387741414d77414d3877415a7377416d6377417a4d77412f387772414d77724d3877725a7377726d6377727a4d77722f387856414d78564d3878565a7378566d6378567a4d78562f387941414d79414d3879415a7379416d6379417a4d79412f387971414d79714d3879715a7379716d6379717a4d79712f387a56414d7a564d387a565a737a566d637a567a4d7a562f387a2f414d7a2f4d387a2f5a737a2f6d637a2f7a4d7a2f2f2f3841415038414d2f38415a7638416d6638417a5038412f2f3872415038724d2f38725a7638726d6638727a5038722f2f3956415039564d2f39565a7639566d6639567a5039562f2f2b4141502b414d2f2b415a762b416d662b417a502b412f2f2b7141502b714d2f2b715a762b716d662b717a502b712f2f2f5641502f564d2f2f565a762f566d662f567a502f562f2f2f2f41502f2f4d2f2f2f5a762f2f6d662f2f7a502f2f2f7741414141414141414141414141414143483542414541415077414c414141414141514142414141416976414c4e4e637a55746d375273716241566c505a716d6b4b47426c396c5135567459725a5842795647744767523430574730715a4a5a4368536f43754546555553784a61716f734b5444684e3662496a743154775641484c4747586e785a545a3241666f6376486d6e4a554752302f4a5269564f51597241452b79685750446c765261696142717547796e6155705477427035706d793265314a62615056634f65544b5731356a5348722f51744e5a6c7431344e6f4d5245714442626746455632414a69794644685957724363694d4657705068714d464b44507745634f5a68335a654f474a78634842414137, 'correo', 'clave', 25, '#da5e0b', '#000000', '#FFFFFF', '&');

-- --------------------------------------------------------

--
-- Table structure for table `devoluciones`
--

CREATE TABLE `devoluciones` (
  `idPrestamo` int(10) NOT NULL,
  `cantidad` int(10) NOT NULL,
  `fecha` date NOT NULL,
  `comentario` text NOT NULL
) ENGINE=InnoDB DEFAULT CHARSET=latin1 COLLATE=latin1_swedish_ci;

--
-- RELATIONSHIPS FOR TABLE `devoluciones`:
--

--
-- Triggers `devoluciones`
--
DELIMITER $$
CREATE TRIGGER `cerrarPrestamos` BEFORE INSERT ON `devoluciones` FOR EACH ROW BEGIN
  DECLARE cantidadPrestamo INT;
  DECLARE v_total_devueltos INT;
  
  SET v_total_devueltos = (
  SELECT COALESCE(SUM(dev.cantidad), 0) + new.cantidad 
      FROM devoluciones dev 
      WHERE dev.idPrestamo = new.idPrestamo
  );
  
  SET cantidadPrestamo = (
      SELECT cantidad 
      from prestamos pr 
      where pr.idPrestamo=new.idPrestamo 
      AND pr.fechaDevolucion IS NULL);
  
IF v_total_devueltos = cantidadPrestamo
THEN 
  UPDATE prestamos pr
  SET pr.fechaDevolucion = CURRENT_TIME
  WHERE pr.IDPrestamo = new.IDPrestamo;
ELSEIF v_total_devueltos > cantidadPrestamo
THEN 
  	SIGNAL SQLSTATE '45000'
	SET MESSAGE_TEXT = 'Ests intentando devolver ms productos de los que hay prestados.';
  END IF;
END
$$
DELIMITER ;
DELIMITER $$
CREATE TRIGGER `comprobarEncargoDevuelto` AFTER INSERT ON `devoluciones` FOR EACH ROW BEGIN
    DECLARE v_quedan_sin_devolver INT;
	DECLARE v_id_encargo varchar(255);
	
	SET v_id_encargo = (
	SELECT IDEncargo
	FROM encargos en
	WHERE en.IDPrestamo = new.IDPrestamo
	);
	
	SET v_quedan_sin_devolver = (
	SELECT COUNT(pr.IDPrestamo )
	FROM encargos en, prestamos pr
	WHERE en.IDPrestamo = pr.IDPrestamo
	AND en.IDEncargo = v_id_encargo
	AND pr.fechaDevolucion IS NULL
	);
	
	IF v_quedan_sin_devolver = 0 
	THEN 
	INSERT INTO encargos_completados (
		IDEncargo,
		IDPrestamo,
		Evento)
	SELECT 
		IDEncargo,
		IDPrestamo,
		Evento
	FROM encargos
	WHERE IDEncargo = v_id_encargo;
    END IF;
	
	IF v_quedan_sin_devolver = 0 
	THEN 
	DELETE FROM encargos
	WHERE IDEncargo = v_id_encargo;
    END IF;
END
$$
DELIMITER ;

-- --------------------------------------------------------

--
-- Table structure for table `encargos`
--

CREATE TABLE `encargos` (
  `IDencargo` varchar(255) NOT NULL,
  `IDPrestamo` int(10) NOT NULL,
  `Evento` varchar(255) NOT NULL
) ENGINE=InnoDB DEFAULT CHARSET=latin1 COLLATE=latin1_swedish_ci;

--
-- RELATIONSHIPS FOR TABLE `encargos`:
--

--
-- Dumping data for table `encargos`
--

INSERT INTO `encargos` (`IDencargo`, `IDPrestamo`, `Evento`) VALUES
('2024-01-15/admin@admin.com/Evento en Guadalajara', 571, 'Evento en Guadalajara'),
('2024-01-15/admin@admin.com/Evento en Guadalajara', 572, 'Evento en Guadalajara'),
('2024-01-15/admin@admin.com/Evento en Guadalajara', 573, 'Evento en Guadalajara'),
('2024-01-15/admin@admin.com/Evento en Guadalajara', 574, 'Evento en Guadalajara'),
('2024-01-15/admin@admin.com/Evento en Guadalajara', 575, 'Evento en Guadalajara');

-- --------------------------------------------------------

--
-- Table structure for table `encargos_completados`
--

CREATE TABLE `encargos_completados` (
  `IDencargo` varchar(255) NOT NULL,
  `IDPrestamo` int(10) NOT NULL,
  `Evento` varchar(255) NOT NULL
) ENGINE=InnoDB DEFAULT CHARSET=latin1 COLLATE=latin1_swedish_ci;

--
-- RELATIONSHIPS FOR TABLE `encargos_completados`:
--

-- --------------------------------------------------------

--
-- Table structure for table `prestamos`
--

CREATE TABLE `prestamos` (
  `IDPrestamo` int(10) NOT NULL,
  `CorreoUser` varchar(255) NOT NULL,
  `CodProducto` varchar(255) NOT NULL,
  `cantidad` int(10) NOT NULL,
  `fechaPrestada` date NOT NULL DEFAULT current_timestamp(),
  `fechaPrevistaDevolucion` date DEFAULT NULL,
  `fechaDevolucion` date DEFAULT NULL,
  `Comentarios` text NOT NULL,
  `prestamista` varchar(255) NOT NULL,
  `comentariosDevolucion` text NOT NULL
) ENGINE=InnoDB DEFAULT CHARSET=latin1 COLLATE=latin1_swedish_ci;

--
-- RELATIONSHIPS FOR TABLE `prestamos`:
--

--
-- Dumping data for table `prestamos`
--

INSERT INTO `prestamos` (`IDPrestamo`, `CorreoUser`, `CodProducto`, `cantidad`, `fechaPrestada`, `fechaPrevistaDevolucion`, `fechaDevolucion`, `Comentarios`, `prestamista`, `comentariosDevolucion`) VALUES
(571, 'admin@admin.com', '111111', 21, '2024-01-15', '2027-10-20', NULL, '', 'admin@admin.com', ''),
(572, 'admin@admin.com', '123', 10, '2024-01-15', '2027-10-20', NULL, '', 'admin@admin.com', ''),
(573, 'admin@admin.com', '1236 AABC', 45, '2024-01-15', '2027-10-20', NULL, '', 'admin@admin.com', ''),
(574, 'admin@admin.com', '12345', 23, '2024-01-15', '2027-10-20', NULL, '', 'admin@admin.com', ''),
(575, 'admin@admin.com', '123dassad', 2, '2024-01-15', '2027-10-20', NULL, '', 'admin@admin.com', '');

--
-- Triggers `prestamos`
--
DELIMITER $$
CREATE TRIGGER `actualizarStockDisponible` AFTER INSERT ON `prestamos` FOR EACH ROW BEGIN
  -- Declare and initialize a variable to hold the available stock
  DECLARE v_cantidad_total INT;
  DECLARE v_stock_reservado INT;
  DECLARE v_stock_disponible INT;

  SET v_cantidad_total = (
      	SELECT pro.cantidad
  		FROM productos pro
  		WHERE pro.codigo = NEW.codProducto
  );

  
  
  SET v_stock_reservado = (
    SELECT COALESCE(SUM(cantidad), 0) 
    FROM prestamos 
    WHERE codProducto = NEW.codProducto 
      AND fechaDevolucion IS NULL
  );
  
  
  SET v_stock_disponible = v_cantidad_total - v_stock_reservado;

  -- Check if the available stock is below 0
  IF v_stock_disponible < 0 THEN
    SIGNAL SQLSTATE '45000' SET MESSAGE_TEXT = 'Stock cannot go below 0';
  ELSE
    -- Update the available stock in the productos table
    UPDATE productos pro
    SET pro.stockDisponible = v_stock_disponible
    WHERE pro.codigo = NEW.codProducto;
  END IF;
END
$$
DELIMITER ;
DELIMITER $$
CREATE TRIGGER `actualizarStockDisponibleUpdate` AFTER UPDATE ON `prestamos` FOR EACH ROW BEGIN
  -- Update the AvailableStock column in the products table
  UPDATE productos pro
  SET pro.stockDisponible = pro.cantidad - pro.malEstado - (
        SELECT COALESCE(SUM(pre.cantidad),0) 
        FROM prestamos pre, productos pro 
        WHERE pre.CodProducto = pro.codigo
        AND pre.codProducto = NEW.codProducto
        AND pre.fechaDevolucion IS NULL
  	)
  	WHERE pro.codigo = NEW.codProducto;
END
$$
DELIMITER ;
DELIMITER $$
CREATE TRIGGER `tr_ck_fechaDevolucion` BEFORE UPDATE ON `prestamos` FOR EACH ROW BEGIN
  IF (NEW.fechaPrestada > NEW.fechaDevolucion) THEN
    SIGNAL SQLSTATE '45000' SET MESSAGE_TEXT = 'fechaPrestada no puede ser posterior a fechaDevolucion';
  END IF;
END
$$
DELIMITER ;
DELIMITER $$
CREATE TRIGGER `tr_ck_fechaPrevista` BEFORE INSERT ON `prestamos` FOR EACH ROW BEGIN
  IF (NEW.fechaPrestada > NEW.fechaPrevistaDevolucion) THEN
    SIGNAL SQLSTATE '45000' SET MESSAGE_TEXT = 'fechaPrestada no puede ser posterior a fechaPrevistaDevolucion';
  END IF;
END
$$
DELIMITER ;

-- --------------------------------------------------------

--
-- Table structure for table `productos`
--

CREATE TABLE `productos` (
  `codigo` varchar(255) NOT NULL,
  `subcategoria` varchar(300) NOT NULL,
  `nombre` varchar(300) NOT NULL,
  `fechaCompra` date DEFAULT NULL,
  `precioCompra` decimal(10,2) NOT NULL,
  `categoria` varchar(300) NOT NULL,
  `cantidad` int(3) NOT NULL,
  `stockDisponible` int(3) NOT NULL,
  `enPrestamo` int(11) NOT NULL DEFAULT 0,
  `malEstado` int(11) NOT NULL DEFAULT 0,
  `activo` tinyint(1) NOT NULL DEFAULT 1,
  `InformacionAdicional` varchar(10000) NOT NULL,
  `numeroDeSerie` varchar(255) DEFAULT 'N/A'
) ENGINE=InnoDB DEFAULT CHARSET=utf8mb4 COLLATE=utf8mb4_general_ci;

--
-- RELATIONSHIPS FOR TABLE `productos`:
--

--
-- Dumping data for table `productos`
--

INSERT INTO `productos` (`codigo`, `subcategoria`, `nombre`, `fechaCompra`, `precioCompra`, `categoria`, `cantidad`, `stockDisponible`, `enPrestamo`, `malEstado`, `activo`, `InformacionAdicional`, `numeroDeSerie`) VALUES
('00000', 'Producto0', 'Nombre0', NULL, 0.00, 'Categoria0', 1, 1, 0, 0, 0, '', 'N/A'),
('00001', 'qngepi', 'ngfeqpi', NULL, 0.00, 'geqw', 23, 23, 0, 0, 0, '', 'N/A'),
('000010', 'Producto10', 'Nombre10', NULL, 0.00, 'Categoria10', 11, 11, 0, 0, 0, '', 'N/A'),
('000011', 'Producto11', 'Nombre11', NULL, 0.00, 'Categoria11', 12, 12, 0, 0, 0, '', 'N/A'),
('000012', 'Producto12', 'Nombre12', NULL, 0.00, 'Categoria12', 13, 13, 0, 0, 0, '', 'N/A'),
('000013', 'Producto13', 'Nombre13', NULL, 0.00, 'Categoria13', 14, 14, 0, 0, 0, '', 'N/A'),
('000014', 'Producto14', 'Nombre14', NULL, 0.00, 'Categoria14', 15, 15, 0, 0, 0, '', 'N/A'),
('000015', 'Producto15', 'Nombre15', NULL, 0.00, 'Categoria15', 16, 16, 0, 0, 0, '', 'N/A'),
('000016', 'Cosa', 'Nombre16', NULL, 0.00, 'Categoria16', 17, 16, 0, 0, 1, '', 'N/A'),
('000017', 'Producto17', 'Nombre17', NULL, 0.00, 'Categoria17', 18, 16, 0, 0, 1, '', 'N/A'),
('000018', 'Producto18', 'Nombre18', NULL, 0.00, 'Categoria18', 19, 18, 0, 0, 1, '', 'N/A'),
('000019', 'Producto19', 'Nombre19', NULL, 0.00, 'Categoria19', 20, 20, 0, 0, 1, '', 'N/A'),
('00002', 'Producto2', 'Nombre2', NULL, 0.00, 'Categoria2', 3, 3, 0, 0, 1, '', 'N/A'),
('000020', 'Producto20', 'Nombre20', NULL, 0.00, 'Categoria20', 21, 21, 0, 0, 1, '', 'N/A'),
('000021', 'Producto21', 'Nombre21', NULL, 0.00, 'Categoria21', 22, 22, 0, 0, 1, '', 'N/A'),
('000022', 'Producto22', 'Nombre22', NULL, 0.00, 'Categoria22', 23, 23, 0, 0, 1, '', 'N/A'),
('000023', 'Producto23', 'Nombre23', NULL, 0.00, 'Categoria23', 24, 24, 0, 0, 1, '', 'N/A'),
('000024', 'Producto24', 'Nombre24', NULL, 0.00, 'Categoria24', 25, 25, 0, 0, 1, '', 'N/A'),
('000025', 'Producto25', 'Nombre25', NULL, 0.00, 'Categoria25', 26, 26, 0, 0, 1, '', 'N/A'),
('000026', 'Producto26', 'Nombre26', NULL, 0.00, 'Categoria26', 27, 27, 0, 0, 1, '', 'N/A'),
('000027', 'Producto27', 'Nombre27', NULL, 0.00, 'Categoria27', 28, 28, 0, 0, 1, '', 'N/A'),
('000028', 'Producto28', 'Nombre28', NULL, 0.00, 'Categoria28', 29, 29, 0, 0, 1, '', 'N/A'),
('000029', 'Producto29', 'Nombre29', NULL, 0.00, 'Categoria29', 30, 30, 0, 0, 1, '', 'N/A'),
('00003', 'Producto3', 'Nombre3', NULL, 0.00, 'Categoria3', 4, 4, 0, 0, 1, '', 'N/A'),
('000030', 'Producto30', 'Nombre30', NULL, 0.00, 'Categoria30', 31, 31, 0, 0, 1, '', 'N/A'),
('000031', 'Producto31', 'Nombre31', NULL, 0.00, 'Categoria31', 32, 32, 0, 0, 1, '', 'N/A'),
('000032', 'Producto32', 'Nombre32', NULL, 0.00, 'Categoria32', 33, 33, 0, 0, 1, '', 'N/A'),
('000033', 'Producto33', 'Nombre33', NULL, 0.00, 'Categoria33', 34, 34, 0, 0, 1, '', 'N/A'),
('000034', 'Producto34', 'Nombre34', NULL, 0.00, 'Categoria34', 35, 35, 0, 0, 1, '', 'N/A'),
('000035', 'Producto35', 'Nombre35', NULL, 0.00, 'Categoria35', 36, 36, 0, 0, 1, '', 'N/A'),
('000036', 'Producto36', 'Nombre36', NULL, 0.00, 'Categoria36', 37, 37, 0, 0, 1, '', 'N/A'),
('000037', 'Producto37', 'Nombre37', NULL, 0.00, 'Categoria37', 38, 38, 0, 0, 1, '', 'N/A'),
('000038', 'Producto38', 'Nombre38', NULL, 0.00, 'Categoria38', 39, 39, 0, 0, 1, '', 'N/A'),
('000039', 'Producto39', 'Nombre39', NULL, 0.00, 'Categoria39', 40, 40, 0, 0, 1, '', 'N/A'),
('00004', 'Producto4', 'Nombre4', NULL, 0.00, 'Categoria4', 5, 5, 0, 0, 1, '', 'N/A'),
('000040', 'Producto40', 'Nombre40', NULL, 0.00, 'Categoria40', 41, 41, 0, 0, 1, '', 'N/A'),
('000041', 'Producto41', 'Nombre41', NULL, 0.00, 'Categoria41', 42, 42, 0, 0, 1, '', 'N/A'),
('000042', 'Producto42', 'Nombre42', NULL, 0.00, 'Categoria42', 43, 43, 0, 0, 1, '', 'N/A'),
('000043', 'Producto43', 'Nombre43', NULL, 0.00, 'Categoria43', 44, 44, 0, 0, 1, '', 'N/A'),
('000044', 'Producto44', 'Nombre44', NULL, 0.00, 'Categoria44', 45, 45, 0, 0, 1, '', 'N/A'),
('000045', 'Producto45', 'Nombre45', NULL, 0.00, 'Categoria45', 46, 46, 0, 0, 1, '', 'N/A'),
('000046', 'Producto46', 'Nombre46', NULL, 0.00, 'Categoria46', 47, 47, 0, 0, 1, '', 'N/A'),
('000047', 'Producto47', 'Nombre47', NULL, 0.00, 'Categoria47', 48, 48, 0, 0, 1, '', 'N/A'),
('000048', 'Producto48', 'Nombre48', NULL, 0.00, 'Categoria48', 49, 49, 0, 0, 1, '', 'N/A'),
('000049', 'Producto49', 'Nombre49', NULL, 0.00, 'Categoria49', 50, 50, 0, 0, 1, '', 'N/A'),
('00005', 'Producto5', 'Nombre5', NULL, 0.00, 'Categoria5', 6, 6, 0, 0, 1, '', 'N/A'),
('000050', 'Producto50', 'Nombre50', NULL, 0.00, 'Categoria50', 51, 51, 0, 0, 1, '', 'N/A'),
('000051', 'Producto51', 'Nombre51', NULL, 0.00, 'Categoria51', 52, 52, 0, 0, 1, '', 'N/A'),
('000052', 'Producto52', 'Nombre52', NULL, 0.00, 'Categoria52', 53, 53, 0, 0, 1, '', 'N/A'),
('000053', 'Producto53', 'Nombre53', NULL, 0.00, 'Categoria53', 54, 54, 0, 0, 1, '', 'N/A'),
('000054', 'Producto54', 'Nombre54', NULL, 0.00, 'Categoria54', 55, 55, 0, 0, 1, '', 'N/A'),
('000055', 'Producto55', 'Nombre55', NULL, 0.00, 'Categoria55', 56, 56, 0, 0, 1, '', 'N/A'),
('000056', 'Producto56', 'Nombre56', NULL, 0.00, 'Categoria56', 57, 57, 0, 0, 1, '', 'N/A'),
('000057', 'Producto57', 'Nombre57', NULL, 0.00, 'Categoria57', 58, 58, 0, 0, 1, '', 'N/A'),
('000058', 'Producto58', 'Nombre58', NULL, 0.00, 'Categoria58', 59, 59, 0, 0, 1, '', 'N/A'),
('000059', 'Producto59', 'Nombre59', NULL, 0.00, 'Categoria59', 60, 60, 0, 0, 1, '', 'N/A'),
('00006', 'Producto6', 'Nombre6', NULL, 0.00, 'Categoria6', 7, 7, 0, 0, 1, '', 'N/A'),
('000060', 'Producto60', 'Nombre60', NULL, 0.00, 'Categoria60', 61, 61, 0, 0, 1, '', 'N/A'),
('000061', 'Producto61', 'Nombre61', NULL, 0.00, 'Categoria61', 62, 62, 0, 0, 1, '', 'N/A'),
('000062', 'Producto62', 'Nombre62', NULL, 0.00, 'Categoria62', 63, 63, 0, 0, 1, '', 'N/A'),
('000063', 'Producto63', 'Nombre63', NULL, 0.00, 'Categoria63', 64, 64, 0, 0, 1, '', 'N/A'),
('000064', 'Producto64', 'Nombre64', NULL, 0.00, 'Categoria64', 65, 65, 0, 0, 1, '', 'N/A'),
('000065', 'Producto65', 'Nombre65', NULL, 0.00, 'Categoria65', 66, 66, 0, 0, 1, '', 'N/A'),
('000066', 'Producto66', 'Nombre66', NULL, 0.00, 'Categoria66', 67, 67, 0, 0, 1, '', 'N/A'),
('000067', 'Producto67', 'Nombre67', NULL, 0.00, 'Categoria67', 68, 68, 0, 0, 1, '', 'N/A'),
('000068', 'Producto68', 'Nombre68', NULL, 0.00, 'Categoria68', 69, 69, 0, 0, 1, '', 'N/A'),
('000069', 'Producto69', 'Nombre69', NULL, 0.00, 'Categoria69', 70, 70, 0, 0, 1, '', 'N/A'),
('00007', 'Producto7', 'Nombre7', NULL, 0.00, 'Categoria7', 8, 8, 0, 0, 1, '', 'N/A'),
('000070', 'Producto70', 'Nombre70', NULL, 0.00, 'Categoria70', 71, 71, 0, 0, 1, '', 'N/A'),
('000071', 'Producto71', 'Nombre71', NULL, 0.00, 'Categoria71', 72, 72, 0, 0, 1, '', 'N/A'),
('000072', 'Producto72', 'Nombre72', NULL, 0.00, 'Categoria72', 73, 73, 0, 0, 1, '', 'N/A'),
('000073', 'Producto73', 'Nombre73', NULL, 0.00, 'Categoria73', 74, 74, 0, 0, 1, '', 'N/A'),
('000074', 'Producto74', 'Nombre74', NULL, 0.00, 'Categoria74', 75, 75, 0, 0, 1, '', 'N/A'),
('000075', 'Producto75', 'Nombre75', NULL, 0.00, 'Categoria75', 76, 76, 0, 0, 1, '', 'N/A'),
('000076', 'Producto76', 'Nombre76', NULL, 0.00, 'Categoria76', 77, 77, 0, 0, 1, '', 'N/A'),
('000077', 'Producto77', 'Nombre77', NULL, 0.00, 'Categoria77', 78, 78, 0, 0, 1, '', 'N/A'),
('000078', 'Producto78', 'Nombre78', NULL, 0.00, 'Categoria78', 79, 79, 0, 0, 1, '', 'N/A'),
('000079', 'Producto79', 'Nombre79', NULL, 0.00, 'Categoria79', 80, 80, 0, 0, 1, '', 'N/A'),
('00008', 'Producto8', 'Nombre8', NULL, 0.00, 'Categoria8', 9, 9, 0, 0, 1, '', 'N/A'),
('000080', 'Producto80', 'Nombre80', NULL, 0.00, 'Categoria80', 81, 81, 0, 0, 1, '', 'N/A'),
('000081', 'Producto81', 'Nombre81', NULL, 0.00, 'Categoria81', 82, 82, 0, 0, 1, '', 'N/A'),
('000082', 'Producto82', 'Nombre82', NULL, 0.00, 'Categoria82', 83, 83, 0, 0, 1, '', 'N/A'),
('000083', 'Producto83', 'Nombre83', NULL, 0.00, 'Categoria83', 84, 84, 0, 0, 1, '', 'N/A'),
('000084', 'Producto84', 'Nombre84', NULL, 0.00, 'Categoria84', 85, 85, 0, 0, 1, '', 'N/A'),
('000085', 'Producto85', 'Nombre85', NULL, 0.00, 'Categoria85', 86, 86, 0, 0, 1, '', 'N/A'),
('000086', 'Producto86', 'Nombre86', NULL, 0.00, 'Categoria86', 87, 87, 0, 0, 1, '', 'N/A'),
('000087', 'Producto87', 'Nombre87', NULL, 0.00, 'Categoria87', 88, 88, 0, 0, 1, '', 'N/A'),
('000088', 'Producto88', 'Nombre88', NULL, 0.00, 'Categoria88', 89, 89, 0, 0, 1, '', 'N/A'),
('000089', 'Producto89', 'Nombre89', NULL, 0.00, 'Categoria89', 90, 90, 0, 0, 1, '', 'N/A'),
('00009', 'Producto9', 'Nombre9', NULL, 0.00, 'Categoria9', 10, 10, 0, 0, 1, '', 'N/A'),
('000090', 'Producto90', 'Nombre90', NULL, 0.00, 'Categoria90', 91, 91, 0, 0, 1, '', 'N/A'),
('000091', 'Producto91', 'Nombre91', NULL, 0.00, 'Categoria91', 92, 92, 0, 0, 1, '', 'N/A'),
('000092', 'Producto92', 'Nombre92', NULL, 0.00, 'Categoria92', 93, 93, 0, 0, 1, '', 'N/A'),
('000093', 'Producto93', 'Nombre93', NULL, 0.00, 'Categoria93', 94, 94, 0, 0, 1, '', 'N/A'),
('000094', 'Producto94', 'Nombre94', NULL, 0.00, 'Categoria94', 95, 95, 0, 0, 1, '', 'N/A'),
('000095', 'Producto95', 'Nombre95', NULL, 0.00, 'Categoria95', 96, 96, 0, 0, 1, '', 'N/A'),
('000096', 'Producto96', 'Nombre96', NULL, 0.00, 'Categoria96', 97, 97, 0, 0, 1, '', 'N/A'),
('000097', 'Producto97', 'Nombre97', NULL, 0.00, 'Categoria97', 98, 98, 0, 0, 1, '', 'N/A'),
('000098', 'Producto98', 'Nombre98', NULL, 0.00, 'Categoria98', 99, 99, 0, 0, 1, '', 'N/A'),
('000099', 'Producto99', 'Nombre99', NULL, 0.00, 'Categoria99', 100, 100, 0, 0, 1, '', 'N/A'),
('0002', 'gveq', 'fveq', NULL, 0.00, 'geq', 23, 23, 0, 0, 1, '', 'N/A'),
('0003', 'rrqhe', 'grq', NULL, 0.00, 'hrqrhq', 60, 60, 0, 0, 1, '', 'N/A'),
('0004', 'rgqgrq', 'geqgrq', NULL, 0.00, 'grqgrq', 6, 6, 0, 0, 1, '', 'N/A'),
('0005', 'grq', 'gbreq', NULL, 0.00, 'grq', 2, 2, 0, 0, 1, '', 'N/A'),
('0006', 'veq', 'vbreq', NULL, 0.00, 'vreq', 3, 3, 0, 0, 1, '', 'N/A'),
('0056156165', 'dsa', 'dsa', '2023-12-26', 44.00, 'dsadsa', 23, 23, 0, 0, 1, '', 'N/A'),
('0500665', 'Cosa', 'Cosa', '2023-12-07', 25.00, 'Cosas', 44, 44, 0, 0, 1, '', 'N/A'),
('0500666', 'dsa', 'dsa', '2023-12-15', 2332.00, 'fweqfq', 33, 33, 0, 0, 1, '', 'N/A'),
('111111', 'dsa', 'dsa', '2023-11-30', 23.00, 'probandocategorianueva', 23, 2, 0, 0, 1, '', 'N/A'),
('123', 'dsa', 'dsa', '2023-12-13', 23.00, '33', 23, 13, 0, 0, 1, '', 'N/A'),
('12345', 'Cosa2', 'Cosa', NULL, 0.00, 'Cosa3', 600, 575, 0, 2, 1, 'dsa:123,asd:321,231321321:12321,feqfqewfeq:321321,', 'N/A'),
('1236 AABC', 'Hoja de papel', 'Producto 3', '2018-06-07', 1.50, 'Hoja de papel', 150, 105, 0, 0, 1, 'Estantera:3,Balda:7,', ''),
('123dassad', 'Cosa', 'dsa', '2023-12-15', 23.00, '33', 7, 5, 0, 0, 1, '', ''),
('12654864987', 'dsa', 'dsa', '2023-12-29', 11.00, 'dsa', 23, 23, 0, 0, 1, 'Color:Rojo,', ''),
('30081055', 'Filtros', 'Filtros', NULL, 0.00, 'Filtros', 4, 0, 0, 0, 1, '', 'N/A'),
('3057067142904', 'Papel', 'Papel', NULL, 0.00, 'PApel', 3, 0, 0, 0, 1, '', 'N/A'),
('4984869648', '', '4984869648', '2019-05-18', 516.00, 'Categora', 12, 12, 0, 0, 1, '', 'N/A'),
('5033848012022', 'Pauelos', 'Caja', '2023-12-28', 12.00, 'Papelera', 23, 19, 0, 0, 1, '', 'N/A'),
('5060337501316', 'Monster', 'Monster', '2023-12-16', 1.00, '', 33, 22, 0, 0, 1, '', 'N/A'),
('5060639121915', 'Energtica', 'Monster Mango', '2023-12-19', 25.00, 'Bebida', 88, 85, 0, 0, 1, '', 'dwqdwqdwq'),
('66666', 'Cosa', 'Cosa', NULL, 0.00, 'Cosa', 2, 0, 0, 0, 1, '', 'N/A'),
('8412771083472', 'Cuaderno A5', 'Cuaderno', NULL, 0.00, 'Cuadernos', 80, 48, 0, 0, 1, '', 'N/A'),
('843525095275', 'dwq', 'dsa', '2023-12-21', 44.00, 'dwcq', 44, 44, 0, 0, 1, '', 'N/A'),
('84791564658', 'Cosa', 'Producto24', '2023-12-02', 23.00, '33', 40, 40, 0, 0, 1, '', ''),
('9223372036854775807', 'Ordenador porttil', 'Medion porttil', NULL, 0.00, 'Ordenadores', 1, 0, 0, 1, 1, '', 'N/A'),
('ABC abc 1234', 'Hoja de papel', 'Producto 1', '2023-12-14', 24.00, 'Hoja de papel', 25, 19, 0, 0, 1, '', ''),
('codigo0', 'Producto0', 'Nombre0', '2023-12-12', 15.95, 'Categora', 3, 3, 0, 0, 1, '', 'N/A'),
('codigo1', 'Producto1', 'Nombre1', '2023-12-12', 15.95, 'Categora', 3, 3, 0, 0, 1, '', 'N/A'),
('codigo10', 'Producto10', 'Nombre10', '2023-12-12', 15.95, 'Categora', 3, 3, 0, 0, 1, '', 'N/A'),
('codigo11', 'Producto11', 'Nombre11', '2023-12-12', 15.95, 'Categora', 3, 3, 0, 0, 1, '', 'N/A'),
('codigo12', 'Producto12', 'Nombre12', '2023-12-12', 15.95, 'Categora', 3, 3, 0, 0, 1, '', 'N/A'),
('codigo13', 'Producto13', 'Nombre13', '2023-12-12', 15.95, 'Categora', 3, 3, 0, 0, 1, '', 'N/A'),
('codigo14', 'Producto14', 'Nombre14', '2023-12-12', 15.95, 'Categora', 3, 3, 0, 0, 1, '', 'N/A'),
('codigo15', 'Producto15', 'Nombre15', '2023-12-12', 15.95, 'Categora', 3, 3, 0, 0, 1, '', 'N/A'),
('codigo16', 'Producto16', 'Nombre16', '2023-12-12', 15.95, 'Categora', 3, 3, 0, 0, 1, '', 'N/A'),
('codigo17', 'Producto17', 'Nombre17', '2023-12-12', 15.95, 'Categora', 3, 3, 0, 0, 1, '', 'N/A'),
('codigo18', 'Producto18', 'Nombre18', '2023-12-12', 15.95, 'Categora', 3, 3, 0, 0, 1, '', 'N/A'),
('codigo19', 'Producto19', 'Nombre19', '2023-12-12', 15.95, 'Categora', 3, 3, 0, 0, 1, '', 'N/A'),
('codigo2', 'Producto2', 'Nombre2', '2023-12-12', 15.95, 'Categora', 3, 3, 0, 0, 1, '', 'N/A'),
('codigo20', 'Producto20', 'Nombre20', '2023-12-12', 15.95, 'Categora', 3, 3, 0, 0, 1, '', 'N/A'),
('codigo21', 'Producto21', 'Nombre21', '2023-12-12', 15.95, 'Categora', 3, 3, 0, 0, 1, '', 'N/A'),
('codigo22', 'Producto22', 'Nombre22', '2023-12-12', 15.95, 'Categora', 3, 3, 0, 0, 1, '', 'N/A'),
('codigo23', 'Producto23', 'Nombre23', '2023-12-12', 15.95, 'Categora', 3, 3, 0, 0, 1, '', 'N/A'),
('codigo24', 'Producto24', 'Nombre24', '2023-12-12', 15.95, 'Categora', 3, 3, 0, 0, 1, '', 'N/A'),
('codigo25', 'Producto25', 'Nombre25', '2023-12-12', 15.95, 'Categora', 3, 3, 0, 0, 1, '', 'N/A'),
('codigo26', 'Producto26', 'Nombre26', '2023-12-12', 15.95, 'Categora', 3, 3, 0, 0, 1, '', 'N/A'),
('codigo27', 'Producto27', 'Nombre27', '2023-12-12', 15.95, 'Categora', 3, 3, 0, 0, 1, '', 'N/A'),
('codigo28', 'Producto28', 'Nombre28', '2023-12-12', 15.95, 'Categora', 3, 3, 0, 0, 1, '', 'N/A'),
('codigo29', 'Producto29', 'Nombre29', '2023-12-12', 15.95, 'Categora', 3, 3, 0, 0, 1, '', 'N/A'),
('codigo3', 'Producto3', 'Nombre3', '2023-12-12', 15.95, 'Categora', 3, 3, 0, 0, 1, '', 'N/A'),
('codigo30', 'Producto30', 'Nombre30', '2023-12-12', 15.95, 'Categora', 3, 3, 0, 0, 1, '', 'N/A'),
('codigo31', 'Producto31', 'Nombre31', '2023-12-12', 15.95, 'Categora', 3, 3, 0, 0, 1, '', 'N/A'),
('codigo32', 'Producto32', 'Nombre32', '2023-12-12', 15.95, 'Categora', 3, 3, 0, 0, 1, '', 'N/A'),
('codigo33', 'Producto33', 'Nombre33', '2023-12-12', 15.95, 'Categora', 3, 3, 0, 0, 1, '', 'N/A'),
('codigo34', 'Producto34', 'Nombre34', '2023-12-12', 15.95, 'Categora', 3, 3, 0, 0, 1, '', 'N/A'),
('codigo35', 'Producto35', 'Nombre35', '2023-12-12', 15.95, 'Categora', 3, 3, 0, 0, 1, '', 'N/A'),
('codigo36', 'Producto36', 'Nombre36', '2023-12-12', 15.95, 'Categora', 3, 3, 0, 0, 1, '', 'N/A'),
('codigo37', 'Producto37', 'Nombre37', '2023-12-12', 15.95, 'Categora', 3, 3, 0, 0, 1, '', 'N/A'),
('codigo38', 'Producto38', 'Nombre38', '2023-12-12', 15.95, 'Categora', 3, 3, 0, 0, 1, '', 'N/A'),
('codigo39', 'Producto39', 'Nombre39', '2023-12-12', 15.95, 'Categora', 3, 3, 0, 0, 1, '', 'N/A'),
('codigo4', 'Producto4', 'Nombre4', '2023-12-12', 15.95, 'Categora', 3, 3, 0, 0, 1, '', 'N/A'),
('codigo40', 'Producto40', 'Nombre40', '2023-12-12', 15.95, 'Categora', 3, 3, 0, 0, 1, '', 'N/A'),
('codigo41', 'Producto41', 'Nombre41', '2023-12-12', 15.95, 'Categora', 3, 3, 0, 0, 1, '', 'N/A'),
('codigo42', 'Producto42', 'Nombre42', '2023-12-12', 15.95, 'Categora', 3, 3, 0, 0, 1, '', 'N/A'),
('codigo43', 'Producto43', 'Nombre43', '2023-12-12', 15.95, 'Categora', 3, 3, 0, 0, 1, '', 'N/A'),
('codigo44', 'Producto44', 'Nombre44', '2023-12-12', 15.95, 'Categora', 3, 3, 0, 0, 1, '', 'N/A'),
('codigo45', 'Producto45', 'Nombre45', '2023-12-12', 15.95, 'Categora', 3, 3, 0, 0, 1, '', 'N/A'),
('codigo46', 'Producto46', 'Nombre46', '2023-12-12', 15.95, 'Categora', 3, 3, 0, 0, 1, '', 'N/A'),
('codigo47', 'Producto47', 'Nombre47', '2023-12-12', 15.95, 'Categora', 3, 3, 0, 0, 1, '', 'N/A'),
('codigo48', 'Producto48', 'Nombre48', '2023-12-12', 15.95, 'Categora', 3, 3, 0, 0, 1, '', 'N/A'),
('codigo49', 'Producto49', 'Nombre49', '2023-12-12', 15.95, 'Categora', 3, 3, 0, 0, 1, '', 'N/A'),
('codigo5', 'Producto5', 'Nombre5', '2023-12-12', 15.95, 'Categora', 3, 3, 0, 0, 1, '', 'N/A'),
('codigo6', 'Producto6', 'Nombre6', '2023-12-12', 15.95, 'Categora', 3, 3, 0, 0, 1, '', 'N/A'),
('codigo7', 'Producto7', 'Nombre7', '2023-12-12', 15.95, 'Categora', 3, 3, 0, 0, 1, '', 'N/A'),
('codigo8', 'Producto8', 'Nombre8', '2023-12-12', 15.95, 'Categora', 3, 3, 0, 0, 1, '', 'N/A'),
('codigo9', 'Producto9', 'Nombre9', '2023-12-12', 15.95, 'Categora', 3, 3, 0, 0, 1, '', 'N/A'),
('Deshab1', 'Deshab1', 'Deshab1', NULL, 0.00, 'Deshab1', 1, 1, 0, 0, 0, '', 'N/A'),
('Deshab2', 'Deshab2', 'Deshab2', NULL, 0.00, 'Deshab2', 1, 1, 0, 0, 0, '', 'N/A'),
('Deshab3', 'Deshab3', 'Deshab3', NULL, 0.00, 'Deshab3', 1, 1, 0, 0, 0, '', 'N/A'),
('Deshab4', 'Deshab4', 'Deshab4', NULL, 0.00, 'Deshab4', 1, 1, 0, 0, 0, '', 'N/A'),
('DSA 1234 5', 'Hoja de papel', 'Producto 2', '2023-09-15', 99.70, 'Hoja de papel', 3, 0, 0, 0, 1, '', ''),
('dwq', 'dwq', 'dwq', '2023-12-15', 44.00, 'cwdq', 23, 23, 0, 0, 1, '<label>label1</label><input type=\"text\" required=\"\" class=\"nuevoInput\">:undefined,', 'N/A'),
('dwqdwq', 'dwqdwq', 'dwqdqw', '2023-12-22', 23.00, 'cwq', 23, 23, 0, 0, 1, 'undefined:undefined,undefined:undefined,', 'N/A'),
('efvq', '1321', 'qev', '2023-12-01', 23.00, 'dwq', 44, 44, 0, 0, 1, 'undefined:undefined,undefined:undefined,undefined:undefined,undefined:undefined,undefined:undefined,undefined:undefined,undefined:undefined,undefined:undefined,undefined:undefined,undefined:undefined,', 'N/A'),
('eq', 'veq', 'veq', '2023-12-14', 33.30, 'cwq', 44, 44, 0, 0, 1, 'undefined:undefined,undefined:undefined,undefined:undefined,undefined:undefined,undefined:undefined,undefined:undefined,undefined:undefined,undefined:undefined,', 'N/A'),
('ewqewq', 'ewqewq', 'ewqewq', '2023-12-10', 23.00, 'dwqqwd', 44, 44, 0, 0, 1, '<label>label</label><input type=\"text\" required=\"\" class=\"nuevoInput\">:undefined,', 'N/A'),
('f13f31', 'ewq', 'ewq', '2023-12-15', 33.00, 'fwqe', 23, 23, 0, 0, 1, '<label>label1</label><input type=\"text\" required=\"\" class=\"nuevoInput\">:undefined,', 'N/A'),
('feq16gfeq', 'Cosa2', 'feq', '2023-12-08', 123.00, 'Categoria0', 5, 5, 0, 0, 1, '', 'f1e56q1fNumSerie'),
('FOLIO 43', 'Folio de papel', 'Folio', NULL, 0.00, 'Papel', 1, 1, 0, 0, 1, '', 'N/A'),
('g4eq', 'rw', 'rwg', '2023-12-13', 23.00, 'evfgqw', 5454, 5454, 0, 0, 1, '<label>label1</label><input type=\"text\" required=\"\" class=\"nuevoInput\">:undefined,', 'N/A'),
('gqegeqgeq', 'geqgeqegq', 'geqegqegq', '2023-12-08', 33.00, '231', 123, 123, 0, 0, 1, 'label1:value1,label2:vaie2,', 'N/A'),
('hwerpmiohwremp', 'Cosa', 'hwerpmiohwremp', '2023-12-17', 23.00, 'Categora', 2, 2, 0, 0, 1, '', 'N/A'),
('MONITOR 41', 'MONITOR 41', 'MONITOR 41', '2023-12-16', 44.00, 'MONITOR 41', 23, 23, 0, 0, 1, '', 'N/A'),
('MONITOR 45', 'MONITOR 45', 'MONITOR 45', '2023-12-07', 45.00, 'MONITOR 45', 45, 45, 0, 0, 1, '', 'N/A'),
('MONITOR 49', 'Monitor de ordenador', 'Monitor BenQ', NULL, 0.00, 'Monitores', 49, 28, 0, 1, 1, 'ewqewq:gvqgvrq,', 'N/A'),
('MONITOR 74', 'MONITOR 74', 'MONITOR 74', '2023-12-08', 256.00, 'MONITOR 74', 2, 2, 0, 0, 1, '', 'N/A'),
('ntpoitwrnmiotnreoi', 'Cosa', 'ntpoitwrnmiotnreoi', '2023-12-02', 23.00, 'Categora', 8, 8, 0, 0, 1, '', 'N/A'),
('PIE TV 9', 'Pie TV', 'Pie TV 9', NULL, 0.00, 'Pies', 1, 1, 0, 0, 1, '', 'N/A'),
('POCKET CONT 07', 'POCKET CONT 07', 'POCKET CONT 07', '2023-12-16', 23.00, 'POCKET CONT 07', 5, 5, 0, 0, 1, '', 'N/A'),
('POCKET CONT 08', 'Pocket Cont 08', 'Pocket Cont 08', '2023-12-08', 6.00, 'dsa', 10, 10, 0, 0, 1, '', 'N/A'),
('POCKET CONT 10', 'Mesa de mexclas', 'Mesa de mezclas', NULL, 0.00, 'Sonido', 12, 12, 0, 0, 1, '', 'N/A');

--
-- Triggers `productos`
--
DELIMITER $$
CREATE TRIGGER `setStockDisponible` BEFORE INSERT ON `productos` FOR EACH ROW BEGIN
	SET NEW.stockDisponible = NEW.cantidad;
END
$$
DELIMITER ;
DELIMITER $$
CREATE TRIGGER `setStockUpdate` BEFORE UPDATE ON `productos` FOR EACH ROW BEGIN

DECLARE v_prestados INT;
DECLARE v_new_stock INT;
set v_prestados = (
	SELECT COALESCE(sum(pre.cantidad), 0)
		FROM prestamos pre, productos pro
		WHERE pre.CodProducto = pro.codigo
    	AND pre.CodProducto = new.codigo
		AND pre.fechaDevolucion IS NULL
);
SET v_new_stock = OLD.cantidad - NEW.malEstado - v_prestados;
    
    IF v_new_stock < 0
    THEN 
    SIGNAL SQLSTATE '45000' SET MESSAGE_TEXT = 'No puede haber ms productos rotos que disponibles';
    ELSE SET NEW.stockDisponible = v_new_stock;
    END IF;
END
$$
DELIMITER ;
DELIMITER $$
CREATE TRIGGER `up_stock_disp_mod_cant` BEFORE UPDATE ON `productos` FOR EACH ROW BEGIN

DECLARE v_prestados INT;

set v_prestados = (
	SELECT COALESCE(sum(pre.cantidad), 0)
		FROM prestamos pre, productos pro
		WHERE pre.CodProducto = pro.codigo
    	AND pre.CodProducto = new.codigo
		AND pre.fechaDevolucion IS NULL
);

    SET NEW.stockDisponible = NEW.cantidad - NEW.malEstado - v_prestados;
END
$$
DELIMITER ;

-- --------------------------------------------------------

--
-- Table structure for table `usuarios`
--

CREATE TABLE `usuarios` (
  `nombre` varchar(100) NOT NULL,
  `correo` varchar(255) NOT NULL,
  `clave` varchar(255) NOT NULL,
  `rol` enum('superadmin','admin','user') DEFAULT 'user',
  `activo` tinyint(1) NOT NULL DEFAULT 1,
  `passRecuperar` varchar(256) NOT NULL
) ENGINE=InnoDB DEFAULT CHARSET=latin1 COLLATE=latin1_swedish_ci;

--
-- RELATIONSHIPS FOR TABLE `usuarios`:
--

--
-- Dumping data for table `usuarios`
--

INSERT INTO `usuarios` (`nombre`, `correo`, `clave`, `rol`, `activo`, `passRecuperar`) VALUES
('Admin', 'admin@admin.com', '03ac674216f3e15c761ee1a5e255f067953623c8b388b4459e13f978d7c846f4', 'superadmin', 1, '0b2a2145c171db368940d7bb47ff86f4c24c1b6b3b5149e46b1be6dfc1f0d150');

--
-- Triggers `usuarios`
--
DELIMITER $$
CREATE TRIGGER `ck_usu_rol` BEFORE INSERT ON `usuarios` FOR EACH ROW BEGIN
IF NEW.rol NOT IN(
	'user', 'admin', 'superadmin'
)THEN
	SIGNAL SQLSTATE '45000' SET MESSAGE_TEXT = 'El campo rol no puede estar vaco';
  END IF;
END
$$
DELIMITER ;

--
-- Indexes for dumped tables
--

--
-- Indexes for table `devoluciones`
--
ALTER TABLE `devoluciones`
  ADD KEY `fk_prestamo_id` (`idPrestamo`);

--
-- Indexes for table `encargos`
--
ALTER TABLE `encargos`
  ADD KEY `fk_id_prestamo` (`IDPrestamo`);

--
-- Indexes for table `encargos_completados`
--
ALTER TABLE `encargos_completados`
  ADD KEY `fk_id_prestamo` (`IDPrestamo`);

--
-- Indexes for table `prestamos`
--
ALTER TABLE `prestamos`
  ADD PRIMARY KEY (`IDPrestamo`),
  ADD KEY `FK_CodProducto` (`CodProducto`),
  ADD KEY `fk_prestamista_key` (`prestamista`),
  ADD KEY `fk_correo_usuario` (`CorreoUser`);

--
-- Indexes for table `productos`
--
ALTER TABLE `productos`
  ADD PRIMARY KEY (`codigo`);

--
-- Indexes for table `usuarios`
--
ALTER TABLE `usuarios`
  ADD PRIMARY KEY (`correo`);

--
-- AUTO_INCREMENT for dumped tables
--

--
-- AUTO_INCREMENT for table `prestamos`
--
ALTER TABLE `prestamos`
  MODIFY `IDPrestamo` int(10) NOT NULL AUTO_INCREMENT, AUTO_INCREMENT=576;
COMMIT;
